repo,repoSmellyCount,repoCleanCount,smellyPredicted,TP,TN,precision,recall
material-theme-jetbrains,445,41475,20960,233,20727,1.1,52.4
mybatis-plus,125,8502,4314,61,4253,1.4,48.8
Mycat-Server,71,6234,3152,39,3113,1.2,54.9
okhttp,87,7506,3796,43,3753,1.1,49.4
symphony,1249,71630,36440,628,35812,1.7,50.3
zheng,192,10032,5112,91,5021,1.8,47.4
async-http-client,176,25528,12852,85,12767,0.7,48.3
azkaban,241,32470,16356,125,16231,0.8,51.9
beam,2998,862417,432708,1497,431211,0.3,49.9
Bukkit,637,215348,107992,332,107660,0.3,52.1
