repo,repoSmellyCount,repoCleanCount,smellyPredicted,TP,TN,precision,recall
material-theme-jetbrains,342,30257,15300,176,15124,1.2,51.5
mybatis-plus,112,7741,3926,50,3876,1.3,44.6
Mycat-Server,57,4685,2371,26,2345,1.1,45.6
nutch,78,11864,5971,44,5927,0.7,56.4
storm,1,113,57,,57,,
symphony,1349,75670,38510,669,37841,1.7,49.6
zheng,192,10032,5112,102,5010,2,53.1
async-http-client,158,23510,11834,80,11754,0.7,50.6
azkaban,239,32057,16148,114,16034,0.7,47.7
beam,2886,850430,426658,1457,425201,0.3,50.5
Bukkit,654,232735,116694,329,116365,0.3,50.3
