commit,timestamp,between_releases,tag,message
1bb94442,7/26/18 14:55,220," (tag: release-1.15, origin/branch-1.15)",Nutch 1.15 release - update version number - add changes / release notes
a8e60bdf,12/18/17 20:08,265," (tag: release-1.14, origin/branch-1.14)",Nutch 1.14 release - update version number - add changes / release notes
bd0da356,3/28/17 20:30,299, (tag: release-1.13),Correct repository location and downgrade gpg plugin version
7956daee,6/2/16 21:12,144, (tag: release-1.12),Prepare for Nutch 1.12 RC#1
79230a74,1/10/16 14:52,37, (tag: release-2.3.1rc2),Nutch 2.3.1 release.
7d0a9855,12/4/15 7:48,39, (tag: release-1.11-rc2),Nutch 1.11 release.
f575a6d2,10/26/15 5:39,33, (tag: release-1.11-rc1),Apache Nutch 1.11 Release Candidate #1.
0ec3a5fa,9/23/15 1:31,146, (tag: release-2.3.1),Nutch 2.3.1 Tag release.
a0341502,4/29/15 21:40,111, (tag: release-1.10),Nutch 1.10 release.
2578f9f2,1/9/15 8:36,149, (tag: release-2.3),Nutch 2.3 release candidate
1a865fcd,8/13/14 5:10,154, (tag: release-1.9),Tagging Nutch 1.9 release.
97611496,3/11/14 19:00,10, (tag: release-1.8RC#2),Tagging Nutch 1.8RC#2 source
290a9ae2,3/1/14 14:11,247, (tag: release-1.8),Tagging Nutch 1.8 release candidate.
77648030,6/27/13 17:29,7, (tag: release-2.2.1),Nutch 2.2.1 release.
0b9c368d,6/20/13 21:08,20, (tag: release-1.7),Nutch 1.7 release.
b8b1cdf1,5/31/13 22:52,189, (tag: release-2.2),"Apache Nutch 2.2 release"""""
d25863a3,11/23/12 13:48,63, (tag: release-1.6),Tag for Nutch 1.6 release.
f3d1202d,9/21/12 14:45,80, (tag: release-2.1),Nutch 2.1 release.
7a39740a,7/3/12 18:28,1, (tag: release-1.5.1-rc3),tag for apache-nutch-1.5.1-rc3
49d7c4ff,7/2/12 17:26,7, (tag: release-1.5.1-rc2),Nutch 1.5.1 release.
d46d537a,6/25/12 16:24,0, (tag: release-2.0rc3),tagging Nutch 2.0 RC3
1a5b3b11,6/25/12 15:58,10, (tag: release-1.5.1),tagging 1.5.1 RC
daaaac02,6/15/12 12:32,7, (tag: release-2.0rc2),Nutch 2.0 RC2.
47588a91,6/8/12 14:27,0, (tag: release-2.0rc1),new tag of Nutch release 2.0
7d8b5e5b,6/8/12 14:23,8, (tag: release-2.0),Nutch 2.0 release.
68defecb,5/31/12 20:21,1, (tag: release-1.5-rc4),tagging release-1.5-rc4
cf0e7c78,5/30/12 20:31,8, (tag: release-1.5-rc3),Nutch release-1.5RC3
a61f9b2d,5/22/12 17:57,37, (tag: release-1.5-rc2),Nutch 1.5 RC2
087b1258,4/16/12 5:36,163, (tag: release-1.5),[maven-release-plugin]  copy for tag release-1.5
f4c7f5f6,11/5/11 0:30,150, (tag: release-1.4),[maven-release-plugin]  copy for tag release-1.4
8859cb5d,6/8/11 4:09,256, (tag: release-1.3),Release tag for Apache Nutch 1.3
5c39b8d4,9/24/10 21:37,48, (tag: release-1.2),Nutch 1.2 release.
f90fa17d,8/8/10 1:01,43, (tag: 1.2),Nutch 1.2 release
f8277e23,6/26/10 5:41,0, (tag: release-1.1-rc1),Another case of misspelling. Sigh.
485e0b59,6/26/10 5:39,7, (tag: release-1.1),"omg, spelling typo. sigh."
74f25235,6/19/10 3:42,0, (tag: relase-1.1-rc1),Consistency in naming.
3a2172f1,6/19/10 3:41,12, (tag: relase-1.1),Consistency in naming.
eae9058a,6/7/10 5:10,26, (tag: 1.1),"Nutch 1.1 RC #4. Changes for this release candidate over #3 include NUTCH-818 Parse-tika uses minorCodes instead of majorCodes in ParseStatus, NUTCH-819 Included Solr schema.xml and solrindex-mapping.xml don't play together."
db8941fe,5/12/10 3:51,, (tag: 1.1-rc1),"Nutch a tlp, moving svn"
c089c9aa,5/12/10 3:51,, (tag: release-0.7),"Nutch a tlp, moving svn"
acd248bd,5/12/10 3:51,, (tag: release-0.7.1),"Nutch a tlp, moving svn"
8cc1eb5e,5/12/10 3:51,, (tag: release-0.7.2),"Nutch a tlp, moving svn"
616425ea,5/12/10 3:51,, (tag: release-0.8),"Nutch a tlp, moving svn"
7769af71,5/12/10 3:51,, (tag: release-0.8.1),"Nutch a tlp, moving svn"
1742e5a8,5/12/10 3:51,, (tag: release-0.9),"Nutch a tlp, moving svn"
4f628269,5/12/10 3:51,, (tag: release-1.0),"Nutch a tlp, moving svn"
31b99595,5/12/10 3:51,, (tag: release-1.0-rc0),"Nutch a tlp, moving svn"
acd8f497,5/12/10 3:51,, (tag: release-1.0-rc1),"Nutch a tlp, moving svn"
f1bca1ec,5/12/10 3:51,, (tag: release-1.0-rc2),"Nutch a tlp, moving svn"
,,,,
,average:,79,,