commit,timestamp,between_releases,tag,message
5d3c6453df,10/18/18 9:58,22, (tag: v2.8.0-RC1),[Gradle Release Plugin] - pre tag commit:  'v2.8.0-RC1'.
e2edd4918a,9/26/18 2:48,1," (tag: v2.7.0-RC3, tag: v2.7.0)",[Gradle Release Plugin] - pre tag commit:  'v2.7.0-RC3'.
b245c9513f,9/24/18 19:22,18, (tag: v2.7.0-RC2),[Gradle Release Plugin] - pre tag commit:  'v2.7.0-RC2'.
6b19a3fafb,9/6/18 15:05,34, (tag: v2.7.0-RC1),[Gradle Release Plugin] - pre tag commit:  'v2.7.0-RC1'.
82fc380142,8/3/18 15:38,3," (tag: v2.6.0-RC2, tag: v2.6.0)",[Gradle Release Plugin] - pre tag commit:  'v2.6.0-RC2'.
33900ed74d,7/31/18 10:57,45, (tag: v2.6.0-RC1),[Gradle Release Plugin] - pre tag commit:  'v2.6.0-RC1'.
29bf6b7ef7,6/16/18 11:29,10," (tag: v2.5.0-RC2, tag: v2.5.0)",[Gradle Release Plugin] - pre tag commit:  'v2.5.0-RC2'.
d728d2146c,6/6/18 7:44,81, (tag: v2.5.0-RC1),[Gradle Release Plugin] - pre tag commit:  'v2.5.0-RC1'.
ae2e12ac3c,3/17/18 0:11,9," (tag: v2.4.0-RC3, tag: v2.4.0)",[maven-release-plugin] prepare release v2.4.0-RC3
bf96804a27,3/7/18 16:59,1, (tag: v2.4.0-RC2),[maven-release-plugin] prepare release v2.4.0-RC2
8336466825,3/6/18 22:28,24, (tag: v2.4.0-RC1),[maven-release-plugin] prepare release v2.4.0-RC1
081de891e0,2/10/18 21:49,3," (tag: v2.3.0-RC3, tag: v2.3.0)",[maven-release-plugin] prepare release v2.3.0-RC3
6cdc2f561d,2/7/18 21:08,9, (tag: v2.3.0-RC2),[maven-release-plugin] prepare release v2.3.0-RC2
bd4391f2d9,1/29/18 22:15,74, (tag: v2.3.0-RC1),[maven-release-plugin] prepare release v2.3.0-RC1
6c93105c2c,11/16/17 18:58,12," (tag: v2.2.0-RC4, tag: v2.2.0)",[maven-release-plugin] prepare release v2.2.0-RC4
b75fe358e2,11/5/17 1:02,4, (tag: v2.2.0-RC3),[maven-release-plugin] prepare release v2.2.0-RC3
d84da51653,10/31/17 17:49,5, (tag: v2.2.0-RC2),[maven-release-plugin] prepare release v2.2.0-RC2
9b709e794f,10/26/17 17:32,36, (tag: v2.2.0-RC1),[maven-release-plugin] prepare release v2.2.0-RC1
d6e6ea9c72,9/20/17 15:40,43," (tag: v2.1.1, origin/release-2.1.1)",Closes #3874
ab5577f992,8/8/17 20:45,21," (tag: v2.1.0-RC3, tag: v2.1.0)",[maven-release-plugin] prepare release v2.1.0-RC3
fb7103aad9,7/18/17 16:52,7, (tag: v2.1.0-RC2),[maven-release-plugin] prepare release v2.1.0-RC2
0e1eb9d970,7/11/17 6:40,60, (tag: v2.1.0-RC1),[maven-release-plugin] prepare release v2.1.0-RC1
234bda83a6,5/12/17 16:50,1," (tag: v2.0.0-RC4, tag: v2.0.0)",[maven-release-plugin] prepare release v2.0.0-RC4
40a2353f2a,5/11/17 23:34,1, (tag: v2.0.0-RC3),[maven-release-plugin] prepare release v2.0.0-RC3
9778c21f9b,5/10/17 18:36,5, (tag: v2.0.0-RC2),[maven-release-plugin] prepare release v2.0.0-RC2
f97e52b3b6,5/5/17 18:46,56, (tag: v2.0.0-RC1),[maven-release-plugin] prepare release v2.0.0-RC1
dc4acfdd1b,3/10/17 18:09,2," (tag: v0.6.0-RC2, tag: v0.6.0)",[maven-release-plugin] prepare release v0.6.0-RC2
d2d4f0aad8,3/8/17 16:32,34, (tag: v0.6.0-RC1),[maven-release-plugin] prepare release v0.6.0-RC1
4838ae16c1,2/2/17 11:45,6," (tag: v0.5.0-RC2, tag: v0.5.0)",[maven-release-plugin] prepare release v0.5.0-RC2
e3f8558668,1/27/17 18:54,29, (tag: v0.5.0-RC1),[maven-release-plugin] prepare release v0.5.0-RC1
95225f5863,12/29/16 7:31,14," (tag: v0.4.0-RC1, tag: v0.4.0)",[maven-release-plugin] prepare release v0.4.0-RC1
3d67e7a1fd,12/15/16 17:01,0, (tag: v0.4.0-incubating-RC3),[maven-release-plugin] prepare release v0.4.0-incubating-RC3
a29affd05c,12/15/16 13:16,1, (tag: v0.4.0-incubating-RC2),[maven-release-plugin] prepare release v0.4.0-incubating-RC2
af3989b086,12/14/16 18:58,51, (tag: v0.4.0-incubating-RC1),[maven-release-plugin] prepare release v0.4.0-incubating-RC1
a4985be4a2,10/24/16 21:45,0, (tag: v0.3.0-incubating),[maven-release-plugin] prepare release v0.3.0-incubating-RC1
7a9ce4a40e,10/24/16 18:53,82, (tag: v0.3.0-incubating-RC1),[maven-release-plugin] prepare release v0.3.0-incubating-RC1
388816a805,8/3/16 17:54,7, (tag: OldDoFn),This closes #776
7ec5e16c65,7/28/16 1:02,0," (tag: v0.2.0-incubating-RC2, tag: v0.2.0-incubating)",[maven-release-plugin] prepare release v0.2.0-incubating-RC2
453f9838be,7/27/16 15:29,49, (tag: v0.2.0-incubating-RC1),[maven-release-plugin] prepare release v0.2.0-incubating-RC1
99a04ab8b0,6/8/16 13:04,1," (tag: v0.1.0-incubating-RC3, tag: v0.1.0-incubating)",[maven-release-plugin] prepare release v0.1.0-incubating-RC3
7c6d578275,6/7/16 11:12,6, (tag: v0.1.0-incubating-RC2),[maven-release-plugin] prepare release v0.1.0-incubating-RC2
36084fad22,6/1/16 15:47,1, (tag: v0.1.0-incubating-RC1),[maven-release-plugin] prepare release v0.1.0-incubating-RC1
2a25d32f0b,5/31/16 19:48,96, (tag: 0.1.0-incubating-1),[maven-release-plugin] prepare release 0.1.0-incubating-1
d4dcaaa050,2/25/16 23:58,213, (tag: apache-dataflow-ancestor),Update worker harness container image
39ba98739a,7/27/15 13:19,31, (tag: v0.4.20150727),Move GroupByKey validation into validate method
4c7f018c2c,6/26/15 11:19,25, (tag: v0.4.20150710),Renamed --input to --inputFile for WordCount
bdde37492d,6/1/15 11:54,46, (tag: v0.4.20150602),Change ExpectedLogs to include better stack-traces
843eec8825,4/16/15 5:02,21, (tag: v0.4.20150414),Update README.md for Beta
8192a7ef61,3/25/15 21:15,26, (tag: v0.3.20150326),"Change the ENVIRONMENT_MAJOR_VERSION to 1"""""
0aa4d9d539,2/27/15 14:22,16, (tag: v0.3.20150227),Add support for setting the default log level and also custom log level overrides on the Dataflow worker.
5a11734d63,2/11/15 15:19,1, (tag: v0.3.20150211),Re-add support for getting credentials from gcloud for older versions of gcloud.
0f05e56cb0,2/10/15 16:13,32, (tag: v0.3.20150210),Allows users of PubsubIO to specify which pubsub labels are used to propagate record timestamps and record ids.
adadb61037,1/9/15 14:07,24, (tag: v0.3.20150109),Dataflow on Windows: fix an issue where the ZIP archive would contain file names with a '\' (backslash) on Windows. Using '/' (slash) is compatible with most platforms.
6ad521097f,12/16/14 10:41,, (tag: v0.3.20141216),"Dataflow launch: update pom.xml for certain modules. In the context of bringing in dependencies from com.google.apis group, add exclusion of Guava transitive dependency to all com.google.apis dependencies."
,,,,
,average:,26,,