commit,timestamp,between_releases,tag,message
7070e9080,10/6/18 15:11,31, (tag: v5.0.0-GA),[maven-release-plugin] prepare release v5.0.0-GA
30fad9f82,9/5/18 3:38,5, (tag: v5.0.0-RC2),[maven-release-plugin] prepare release v5.0.0-RC2
281ba3eda,8/31/18 7:09,60, (tag: v5.0.0-RC),[maven-release-plugin] prepare release v5.0.0-RC
2bc785bd5,7/1/18 21:06,51, (tag: v5.0.0-beta2),[maven-release-plugin] prepare release v5.0.0-beta2(RC1)
5ddc4e714,5/12/18 1:36,45, (tag: v5.0.0-beta),[maven-release-plugin] prepare release v5.0.0-beta
476ae378b,3/28/18 9:19,112, (tag: v5.0.0-alpha),[maven-release-plugin] prepare release v5.0.0-alpha
03824c2f8,12/6/17 16:51,15, (tag: v3.2.6),Merge pull request #647 from ascrutae/feature/support-oracle-tns-url
baf400041,11/21/17 21:48,15, (tag: v3.2.5),Fix port.
4bdea9e2c,11/6/17 22:45,13, (tag: v3.2.4),Update version for 3.2.4 release.
6543814fd,10/25/17 8:39,26, (tag: v3.2.3),Merge pull request #544 from OpenSkywalking/fix/sjdbcbug
1370f3ced,9/29/17 16:02,1, (tag: v3.2.2),Merge pull request #482 from clevertension/my-main
9efa734cd,9/28/17 9:35,11, (tag: v3.2.1),Update screenshots.
065994a56,9/16/17 23:02,5, (tag: v3.2),Merge pull request #432 from wu-sheng/pengys5-patch-2
3f188b145,9/11/17 12:35,86, (tag: v3.1.1),Update read for readme.
f70df1b63,6/17/17 21:12,7, (tag: v3.1),Set final name for agent module.
5fa15931a,6/10/17 9:47,5," (tag: v3.0.3, origin/feature/3.0.x)",UI 3.0.2 is compatible for sky-walking 3.0.3
47fe301bd,6/5/17 21:39,39, (tag: v3.0.2-2017),Prepare for releasing 3.0.2
30b795031,4/27/17 17:10,14, (tag: v3.0.1-2017),Merge pull request #178 from ascrutae/zhangxin/fix/150
c257017c9,4/13/17 16:18,31, (tag: v3.0-2017),Update color again……
0fda3154d,3/13/17 17:57,1," (tag: v2.3-2017, origin/feature/2.x)",Fix #104
8f888c71a,3/12/17 14:55,31, (tag: v2.2-2017),change project version
32b776de7,2/9/17 13:36,52, (tag: v2.1-2017),release application-toolkit-opentracing
364bc96f8,12/19/16 13:33,47, (tag: v2.0-2016),"Remove out-of-date doc. All doc release on WIKI, now."
2935ec847,11/2/16 9:17,76, (tag: v1.0-Final-hotfix),hotfix: 修复发布版本的启动脚本错误
e15653978,8/18/16 11:10,82, (tag: v1.0-Final),补充提交下载地址
4e01d77c2,5/28/16 11:21,80, (tag: 1.0-beta),提交1.0b的完整代码，用于版本发布。
ec6501b0a,3/9/16 19:40,69, (tag: 1.0-alpha2),1.添加测试方法
2536b9456,12/31/15 11:05,, (tag: 1.0-alpha1),修复显示原文无法出现淡入淡出的效果
,,,,
,average:,37,,