commit,timestamp,between_releases ,tag,message
1bcc169f,12/5/13 10:33,1, (tag: 0.9.0.1),"bump version, update changelog for 0.9.0.1 release."
061ee2e7,12/4/13 15:36,20, (tag: 0.9.0),update changelog for 0.9.0 release
66a39736,11/14/13 10:39,48, (tag: 0.9.0-rc3),update changelog for 0.9.0-rc3
32098d5b,9/27/13 12:42,4, (tag: 0.9.0-rc2),Release 0.9.0-rc2
449e4e45,9/23/13 22:15,, (tag: 0.9.0-rc1),Prep for 0.9.0-rc1 release: bump version and add KEYS file for artifact verification.
,,,,
,average:,18,,