commit,timestamp,between_releases,tag,message
5ef7a6ff214,10/8/18 14:13,3, (tag: v5.3.4),release next version
181578bd6fe,10/5/18 9:04,21, (tag: v5.2.8),bump to next version
5a336e89ce3,9/14/18 10:58,20, (tag: v6.0.0-RC2),cas 6 rc2 release
087b40d11e4,8/25/18 2:31,1, (tag: v5.3.3),next dev version
c10dbaca94a,8/24/18 3:25,21, (tag: v5.2.7),5.2.7 release
83c54f9a5c1,8/3/18 6:35,7, (tag: v6.0.0-RC1),switch to cas 6 RC1
83e6dab5b18,7/27/18 6:32,14, (tag: v5.3.2),switch to next version
8ac40891b29,7/12/18 21:55,7, (tag: v5.3.1),Merge branch '5.3.x' of github.com:apereo/cas into 5.3.x
6f15c96650b,7/5/18 14:59,7, (tag: v5.2.6),switch to 5.2.6
d1d3bf4a5e7,6/28/18 18:38,33, (tag: v5.3.0),published 5.3.0 release
cc0e59fc4ad,5/26/18 14:53,0, (tag: v5.3.0-RC4),switch to rc4
c67bdb4c53a,5/26/18 7:41,29, (tag: v5.2.5),bump to gradle 4.7
5ca4fe8e813,4/27/18 11:11,15, (tag: v5.1.9),prep for 5.1.9 release
6bd7d3d7bda,4/12/18 11:41,10, (tag: v5.2.4),5.2.4 release
027d83a75e4,4/2/18 10:53,30, (tag: v5.3.0-RC3),switch to 5.3 RC3
14850a4ef16,3/3/18 10:18,22, (tag: v5.2.3),5.2.3 release
cabc9de343f,2/9/18 12:18,13, (tag: v5.3.0-RC2),CAS 5.3 RC2 release
8c745d838a8,1/27/18 6:35,1, (tag: v5.1.8),5.1.8 release
516193eee7f,1/26/18 15:23,30, (tag: v5.2.2),cas 5.2.2 release
d140b2dd0fd,12/28/17 1:21,6, (tag: v5.3.0-RC1),5.3 RC1 release
9eb2758cd27,12/21/17 19:46,0, (tag: v5.2.1),prep for 5.2.1
f75718058f7,12/21/17 8:08,24, (tag: v5.1.7),5.1.7 release
50616c789d2,11/27/17 13:10,8, (tag: v5.2.0),initial 5.2 release
5f8f0e99cb9,11/19/17 23:10,20, (tag: v5.1.6),5.1.6 release
be24192e89c,10/30/17 11:46,14, (tag: v5.0.10),5.0.10 release
b2c692c80fd,10/16/17 6:36,4, (tag: v5.2.0-RC4),5.2 RC4 release
dd67c806670,10/12/17 2:55,10, (tag: v5.1.5),5.1.5 release
6f35c1774fe,10/2/17 5:51,18, (tag: v5.0.9),cas 5.0.9 release
99e8c79b566,9/14/17 9:47,0, (tag: v5.2.0-RC3),5.2 Rc3 release
0348fcbf2df,9/14/17 5:41,21, (tag: v5.1.4),bump to 5.1.4
b6822217b05,8/24/17 9:45,11, (tag: v5.0.8),5.0.8 release
611bf6b6f3f,8/13/17 1:39,6, (tag: v5.1.3),5.1.3 release
d0f6b392e98,8/7/17 9:43,25, (tag: v5.2.0-RC2),bump version for rc2
5a6da0a2b51,7/13/17 12:53,13, (tag: v5.1.2),CAS 5.1.2 release
ac2cb112e52,6/30/17 10:21,7, (tag: v5.2.0-RC1),switch to 5.2 RC1
bb029c9b72f,6/23/17 13:18,0, (tag: v5.1.1),update to 5.1.1
a1d04635bce,6/23/17 10:53,27, (tag: v5.0.7),5.0.7 release
189ca90a900,5/27/17 15:28,0, (tag: v5.1.0),prepping 5.1.0
c081cd26c90,5/27/17 11:43,29, (tag: v5.0.6),CAS 5.0.6
0df567c29dd,4/28/17 13:22,7, (tag: v5.1.0-RC4),5.1.0-RC4 release
bb54dc047e8,4/21/17 11:43,18, (tag: v5.0.5),Switch to 5.0.5
5c07163df5c,4/3/17 5:05,15, (tag: v5.1.0-RC3),5.1 RC3 release
99f217311b6,3/19/17 4:28,23, (tag: v5.0.4),5.0.4 release
be21ae6b561,2/24/17 2:43,2, (tag: v5.1.0-RC2),5.1 RC2 release
90e696e302f,2/21/17 15:52,3, (tag: v5.0.3.1),switch to 5.0.3.1
d891ff8e358,2/18/17 4:18,33, (tag: v5.0.3),upgrade to 5.0.3
0b5f69d2e86,1/16/17 0:55,17, (tag: v5.0.2),5.0.2 release
71adaaa6c91,12/29/16 15:05,16, (tag: v5.1.0-RC1),Turn oauth module to use ctor injections
8561933653,12/13/16 7:58,36, (tag: v5.0.1),5.0.1 patch release
cdff2b7d94e,11/6/16 21:46,2, (tag: v5.0.0),Merge branch 'master' of github.com:apereo/cas
6377d9792dd,11/4/16 13:34,1, (tag: v4.1.10),[maven-release-plugin] prepare release v4.1.10
eec410f4640,11/3/16 15:56,8, (tag: v4.2.7),Update to 4.2.7
4cdb5bb9d3e,10/27/16 3:06,24, (tag: v5.0.0.RC4),RC4 release
8644cf5de20,10/3/16 1:05,4, (tag: v5.0.0.RC3),CAS 5 RC3 Release
8e3c1cb5258,9/28/16 13:11,9, (tag: v4.2.6),CAS 4.2.6 Release
9bed2d240be,9/19/16 11:57,17, (tag: v5.0.0.RC2),RC2 Release
922f0a41f72,9/2/16 2:19,4, (tag: v4.2.5),Merge branch '4.2.x' of github.com:Jasig/cas into 4.2.x
f07d5cbc8b8,8/29/16 7:59,31, (tag: v5.0.0.RC1),update ver for next dev integration
7318cde419c,7/29/16 3:09,6, (tag: v4.2.4),next dev version
dd37d62631c,7/23/16 2:54,26, (tag: v5.0.0.M3),release M3
48ee6f50403,6/26/16 18:21,0, (tag: v4.2.3),updated next release version
ae23c421250,6/26/16 14:11,13, (tag: v4.1.9),[maven-release-plugin] prepare release v4.1.9
529e41fb799,6/13/16 6:49,24, (tag: v5.0.0.M2),v5 M2 release
5f4ab817ba5,5/20/16 16:52,0, (tag: v5.0.0.M1),CAS 5 M1 Release
6a5a362574b,5/20/16 12:55,0, (tag: v4.2.2),added tag
705f0e3b360,5/20/16 8:41,49, (tag: v4.1.8),[maven-release-plugin] prepare release v4.1.8
c7bdfada754,4/1/16 5:30,0, (tag: v4.2.1),v4.2.1 release
2f9ffbeadd5,4/1/16 3:03,10, (tag: v4.1.7),[maven-release-plugin] prepare release v4.1.7
f4c153754da,3/22/16 3:21,4, (tag: v4.2.0),released 4.2.0
c4ecf600c71,3/18/16 1:34,16, (tag: v4.1.6),[maven-release-plugin] prepare release v4.1.6
bf348a9e426,3/2/16 9:09,12, (tag: v4.2.0-RC3),released RC3
35f733d010b,2/19/16 2:40,20, (tag: v4.1.5),[maven-release-plugin] prepare release v4.1.5
0dedeb61b40,1/30/16 3:56,12, (tag: v4.2.0-RC2),updated version
81cac50c1de,1/18/16 9:42,21, (tag: v4.1.4),[maven-release-plugin] prepare release v4.1.4
7fbe328bfd5,12/28/15 10:58,10, (tag: v4.2.0-RC1),bumped version
dc782d85e34,12/18/15 22:29,28, (tag: v4.1.3),[maven-release-plugin] prepare release v4.1.3
af5e09452aa,11/21/15 7:55,0, (tag: v4.1.2),[maven-release-plugin] prepare release v4.1.2
6dd4af4f0fc,11/20/15 22:27,32, (tag: v4.0.7),[maven-release-plugin] prepare release v4.0.7
c09949fd592,10/19/15 13:03,0, (tag: v4.1.1),[maven-release-plugin] prepare release v4.1.1
2a9986845d0,10/19/15 11:15,31, (tag: v4.0.6),[maven-release-plugin] prepare release v4.0.6
ea32b4af714,9/18/15 6:09,0, (tag: v4.1.0),[maven-release-plugin] prepare release v4.1.0
fc958dd8f61,9/18/15 2:21,22, (tag: v4.0.5),[maven-release-plugin] prepare release v4.0.5
71e398b6abe,8/26/15 14:55,6, (tag: v4.1.0-RC2),[maven-release-plugin] prepare release v4.1.0-RC2
8d488a42b76,8/20/15 16:36,12, (tag: v4.1.0-RC1),[maven-release-plugin] prepare release v4.1.0-RC1
a518496dc94,8/9/15 1:45,30, (tag: v4.0.4),[maven-release-plugin] prepare release v4.0.4
d093bbf898a,7/9/15 16:49,27, (tag: v4.0.3),[maven-release-plugin] prepare release v4.0.3
83263bb49ec,6/12/15 11:41,0, (tag: v4.0.2),[maven-release-plugin] prepare release v4.0.2
6ab5708b2ab,6/12/15 8:53,149, (tag: v3.6.0),[maven-release-plugin] prepare release v3.6.0
fe2cbb9515b,1/14/15 11:24,2, (tag: v3.5.3),manualy set version 3.5.3 to tag
13ca61bebb5,1/12/15 12:27,250, (tag: v4.0.1),[maven-release-plugin] prepare release v4.0.1
197836a931b,5/7/14 14:39,34, (tag: v4.0.0),[maven-release-plugin] prepare release v4.0.0
4fc8b33667a,4/4/14 2:26,28, (tag: v4.0.0-RC4),[maven-release-plugin] prepare release v4.0.0-RC4
5f26596f0a9,3/6/14 16:16,1, (tag: v3.4.12.1),[maven-release-plugin] prepare release v3.4.12.1
37546c9dd86,3/5/14 12:28,66, (tag: v3.5.2.1),[maven-release-plugin] prepare release v3.5.2.1
048ac4b212e,12/29/13 8:01,66, (tag: v4.0.0-RC3),[maven-release-plugin] prepare release v4.0.0-RC3
b90595f07f5,10/24/13 14:31,111, (tag: v4.0.0-RC2),[maven-release-plugin] prepare release v4.0.0-RC2
01edeba8510,7/5/13 11:26,133, (tag: v4.0.0-RC1),[maven-release-plugin] prepare release v4.0.0-RC1
51d221e6cd0,2/22/13 11:37,98, (tag: v3.5.2),[maven-release-plugin] prepare release v3.5.2
a1deef81132,11/16/12 15:49,42, (tag: v3.5.2-CAS-1181),Update version number in cas-server-documentation module.
930ceb02c26,10/5/12 16:04,17, (tag: v3.5.1),[maven-release-plugin] prepare release v3.5.1
ecfc6ffa601,9/18/12 15:51,71, (tag: v3.5.1-RC1),[maven-release-plugin] prepare release v3.5.1-RC1
7740a24ff63,7/9/12 11:37,41, (tag: v3.5.0),[maven-release-plugin] prepare release v3.5.0
70e6698f842,5/29/12 13:29,18, (tag: v3.5.0-RC2),[maven-release-plugin] prepare release v3.5.0-RC2
020a269cd0c,5/11/12 19:08,3, (tag: v3.5.0-RC1),[maven-release-plugin] prepare release v3.5.0-RC1
361b3519adb,5/8/12 13:18,22, (tag: v3.4.12),[maven-release-plugin] prepare release v3.4.12
1201dc3ce35,4/16/12 10:55,161, (tag: v3.4.12-RC1),[maven-release-plugin] prepare release v3.4.12-RC1
799fcc48aef,11/7/11 21:11,28, (tag: v3.4.11),[maven-release-plugin] prepare release v3.4.11
30ed10a8e06,10/10/11 21:16,54, (tag: 3.4.11-RC1),[maven-release-plugin] prepare release 3.4.11-RC1
09ead33abdf,8/18/11 3:51,13, (tag: v3.4.10),[maven-release-plugin] prepare release cas-server-3.4.10
eb1e7296af8,8/5/11 2:36,105, (tag: v3.4.9),[maven-release-plugin] prepare release cas-server-3.4.9
c75b0e6c346,4/22/11 2:20,25, (tag: v3.4.8),[maven-release-plugin] prepare release cas-server-3.4.8
b08ab5ce3ce,3/27/11 16:23,36, (tag: v3.4.7),[maven-release-plugin] prepare release cas-server-3.4.7
18352da8fd1,2/19/11 16:46,61, (tag: v3.4.6),[maven-release-plugin] prepare release cas-server-3.4.6
08caca0a2f7,12/21/10 3:10,12, (tag: v3.4.5),[maven-release-plugin] prepare release cas-server-3.4.5
5cb45114b53,12/9/10 3:31,37, (tag: v3.4.4),[maven-release-plugin] prepare release cas-server-3.4.4
71cf1eb93d9,11/2/10 3:08,32, (tag: v3.4.3.1),[maven-release-plugin] prepare release cas-server-3.4.3.1
4aff540b033,10/1/10 2:09,71, (tag: v3.4.3),[maven-release-plugin] prepare release cas-server-3.4.3
d897261d04e,7/22/10 4:11,0, (tag: v3.4.2.1),[maven-release-plugin] prepare release cas-server-3.4.2.1
9ae3c483af5,7/22/10 3:39,119, (tag: v3.3.5.1),NOJIRA 3.3.5.1 release
80a373301f1,3/25/10 1:33,6, (tag: v3.4.2),[maven-release-plugin] prepare release cas-server-3.4.2
437ff51317c,3/19/10 2:06,1, (tag: v3.4.1),[maven-release-plugin] prepare release cas-server-3.4.1
0c7673b901b,3/17/10 23:05,130, (tag: v3.4.0),NOJIRA
2dd7b928f84,11/8/09 5:15,54, (tag: v3.3.5),NOJIRA tagged for 3.3.5 release
f544d5f0bc8,9/15/09 12:57,81, (tag: v3.3.4),NOJIRA tag for 3.3.4
07ab65845df,6/26/09 13:12,76, (tag: v3.3.3),NOJIRA
19f16a13835,4/11/09 15:43,152, (tag: v3.3.2),NOJIRA
b4a613cd076,11/10/08 16:12,88, (tag: v3.3.1),NOJIRA
a04a0f2982d,8/14/08 14:12,13, (tag: v3.3.0),NOJIRA
9265a2a2abf,8/1/08 17:36,17, (tag: v3.3.3-RC3),NOJIRA 3.3 RC3 release
da2227e450b,7/15/08 14:57,0, (tag: v3.3.2-RC2),NOJIRA
d364f33913c,7/15/08 14:27,19, (tag: v3.2.1.1),NOJIRA
230f26d5730,6/26/08 14:59,73, (tag: v3.2.2.1-RC1),NOJIRA
30c7e847e7c,4/14/08 21:13,7, (tag: v3.2.1),NOJIRA
28b98034274,4/7/08 17:19,13, (tag: v3.2.1.2-RC2),NOJIRA
d2fed9f14fb,3/25/08 18:50,36, (tag: v3.2.1.1-RC1),NOJIRA
6220106491,2/18/08 22:34,10, (tag: v3.2.0),NOJIRA updated to 3.2
e9ba9908ac2,2/8/08 17:38,6, (tag: v3.1.2),CAS-619
ee9c445f710,2/3/08 4:15,0, (tag: v3.2.0.4-RC4),NOJIRA
2fc8ac16671,2/3/08 3:04,0, (tag: v3.2.0.3-RC3),CAS-616 fixed dependencies and updated pom version number
6321a7e1c10,2/3/08 1:54,0, (tag: v3.2.0.2-RC2),NOJIRA
f22da20ad25,2/3/08 0:56,100, (tag: v3.2.0.1-RC1),NOJIRA
4eb122f77d4,10/25/07 18:31,9, (tag: v3.1.1),NOJIRA
63dd6a4d97a,10/16/07 17:57,18, (tag: v3.1.1.2-RC2),NOJIRA
056480f2959,9/28/07 19:20,51, (tag: v3.1.1.1-RC1),NOJIRA
18aee8229f7,8/8/07 16:03,13, (tag: v3.1.0),CAS-536
7464ea50b5c,7/26/07 19:24,15, (tag: v3.1.4-RC4),CAS 3.1-rc4 release
9f4669f0f0f,7/11/07 17:51,22, (tag: v3.1.3-RC3),updated to RC3 release
324c0017455,6/19/07 18:33,5, (tag: v3.1.2-RC2),tagged for RC2
ce7ccf411f7,6/14/07 17:41,6, (tag: v3.1.1-RC1),fixed null bugs
85017c7be22,6/8/07 16:28,52, (tag: v3.1.3-M3),updated POMs to 3.1-m3
12bcd0c74cb,4/17/07 17:10,4, (tag: v3.1.2-M2),removed 2.1 from pom
2a2bc4cff52,4/13/07 15:29,67, (tag: v3.0.7),updated for 3.0.7 final release
04fbd7c11f4,2/5/07 18:25,3, (tag: v3.0.7.1-RC1),CAS-444
b3b704321c4,2/2/07 18:44,9, (tag: v3.0.6.1-RC1),3.0.7 rc1 tags
cb0e3ee5eaf,1/24/07 16:12,35, (tag: v3.1.1-M1),updated docs
df492199764,12/20/06 16:10,142, (tag: v3.0.6),This commit was manufactured by cvs2svn to create tag 'cas-3-0-6-final'.
3a49de13668,8/1/06 2:56,20, (tag: v3.0.5),fixed redirect
95784c4c4c1,7/11/06 19:31,19, (tag: v3.0.5.3-RC3),CAS-376
0541df75887,6/22/06 13:52,17, (tag: v3.0.5.2-RC2),preparing for RC2
a1d6722f19c,6/5/06 18:20,109, (tag: v3.0.5.1-RC1),rc1 preparation
1702daeda1c,2/16/06 18:20,3, (tag: v3.0.4),CAS-312
46ca976b351,2/13/06 20:26,4, (tag: v3.0.4.2-RC2),ready for 3.0.4-rc2 release
87b685b8667,2/9/06 14:21,47, (tag: v3.0.4.1-RC1),updated to new url
622a956ece8,12/24/05 16:15,2, (tag: v3.0.3),final release update information for 3.0.3 release
c09ce00a75b,12/22/05 13:02,10, (tag: v3.0.3.2-RC2),for 3.0.3-rc2
400932a7522,12/12/05 16:27,56, (tag: v3.0.3.1-RC1),cas 3.0.3 rc1
3350eb56547,10/17/05 14:07,5, (tag: v3.0.2),marked for 3.0.2 final
45a43512a99,10/12/05 19:43,77, (tag: v3.0.2.1-RC1),for rc1
1cd07107a94,7/28/05 4:53,12, (tag: v3.0.1),updated to 3.0.1 final
8a819ee703f,7/16/05 15:47,35, (tag: v3.0.1.1-RC1),updates to 3.0.1-rc1 instead of 3.0.1-SNAPSHOT
25042ebd9f1,6/11/05 16:44,3, (tag: v3.0),Needed because CVS is lame
50e81a3e8a4,6/8/05 14:19,13, (tag: v3.0.2-RC2),rc2 updates
3fe0bbbc44b,5/26/05 12:08,34, (tag: v3.0.1-RC1),include libs in release
ee1f3d0ebe6,4/22/05 19:04,25, (tag: v3.0.3-M3),m3 project.xml
f5c43f57125,3/28/05 20:42,45, (tag: v3.0.2-M2),Preparation from M2 release
f327656c82c,2/11/05 17:12,, (tag: v3.0.1-M1),Preparation for 3.0M1 release
,,,,
,average:,28,,