commit,timestamp,between_releases,tag,message
abd935197,4/8/20 9:36,4, (tag: async-http-client-project-2.12.1),[maven-release-plugin] prepare release async-http-client-project-2.12.1
641a1f94b,4/3/20 22:44,31, (tag: async-http-client-project-2.12.0),[maven-release-plugin] prepare release async-http-client-project-2.12.0
28ba8f728,3/4/20 10:35,26, (tag: async-http-client-project-2.11.0),[maven-release-plugin] prepare release async-http-client-project-2.11.0
e6b0a9bc3,2/7/20 14:06,116, (tag: async-http-client-project-2.10.5),[maven-release-plugin] prepare release async-http-client-project-2.10.5
310fa4c70,10/14/19 23:02,3, (tag: async-http-client-project-2.0.40),[maven-release-plugin] prepare release async-http-client-project-2.0.40
e0133d409,10/12/19 8:51,15, (tag: async-http-client-project-2.10.4),[maven-release-plugin] prepare release async-http-client-project-2.10.4
4f5c13a8e,9/27/19 14:04,22, (tag: async-http-client-project-2.10.3),[maven-release-plugin] prepare release async-http-client-project-2.10.3
4eac44668,9/5/19 13:10,72, (tag: async-http-client-project-2.10.2),[maven-release-plugin] prepare release async-http-client-project-2.10.2
79af4c8f9,6/25/19 11:47,22, (tag: async-http-client-project-2.10.1),[maven-release-plugin] prepare release async-http-client-project-2.10.1
47430bb1d,6/3/19 11:59,13, (tag: async-http-client-project-2.10.0),[maven-release-plugin] prepare release async-http-client-project-2.10.0
f66ace1c4,5/21/19 11:58,82, (tag: async-http-client-project-2.9.0),[maven-release-plugin] prepare release async-http-client-project-2.9.0
f45798cfb,2/28/19 20:22,1, (tag: async-http-client-project-2.8.1),[maven-release-plugin] prepare release async-http-client-project-2.8.1
8571b00a6,2/27/19 8:33,34, (tag: async-http-client-project-2.8.0),[maven-release-plugin] prepare release async-http-client-project-2.8.0
5c07a0cda,1/24/19 10:40,87, (tag: async-http-client-project-2.7.0),[maven-release-plugin] prepare release async-http-client-project-2.7.0
d88719392,10/29/18 22:14,24, (tag: async-http-client-project-2.6.0),[maven-release-plugin] prepare release async-http-client-project-2.6.0
c2ecf9271,10/5/18 13:58,31, (tag: async-http-client-project-2.5.4),[maven-release-plugin] prepare release async-http-client-project-2.5.4
fdb95d664,9/4/18 13:28,54, (tag: async-http-client-project-2.5.3),[maven-release-plugin] prepare release async-http-client-project-2.5.3
8d604a573,7/12/18 9:29,1, (tag: async-http-client-project-2.5.2),[maven-release-plugin] prepare release async-http-client-project-2.5.2
1fe77d8c3,7/11/18 15:49,0, (tag: async-http-client-project-2.5.1),[maven-release-plugin] prepare release async-http-client-project-2.5.1
ff4858ceb,7/11/18 14:07,37, (tag: async-http-client-project-2.5.0),[maven-release-plugin] prepare release async-http-client-project-2.5.0
26f9f8674,6/4/18 11:27,6, (tag: async-http-client-project-2.4.9),[maven-release-plugin] prepare release async-http-client-project-2.4.9
726e791db,5/29/18 10:31,30, (tag: async-http-client-project-2.4.8),[maven-release-plugin] prepare release async-http-client-project-2.4.8
da6c52682,4/29/18 16:11,0, (tag: async-http-client-project-2.4.7),[maven-release-plugin] prepare release async-http-client-project-2.4.7
5dc515d18,4/29/18 8:13,23, (tag: async-http-client-project-2.4.6),[maven-release-plugin] prepare release async-http-client-project-2.4.6
a444e65c6,4/6/18 16:45,29, (tag: async-http-client-project-2.4.5),[maven-release-plugin] prepare release async-http-client-project-2.4.5
d538d890c,3/8/18 10:21,9, (tag: async-http-client-project-2.4.4),[maven-release-plugin] prepare release async-http-client-project-2.4.4
9b2c6de95,2/27/18 14:45,0, (tag: async-http-client-project-2.0.39),[maven-release-plugin] prepare release async-http-client-project-2.0.39
d5d1eb2eb,2/27/18 14:25,6, (tag: async-http-client-project-2.4.3),[maven-release-plugin] prepare release async-http-client-project-2.4.3
0a99e3101,2/21/18 17:47,5, (tag: async-http-client-project-2.4.2),[maven-release-plugin] prepare release async-http-client-project-2.4.2
bff374c09,2/16/18 9:53,4, (tag: async-http-client-project-2.4.1),[maven-release-plugin] prepare release async-http-client-project-2.4.1
2ef9876aa,2/12/18 17:29,7, (tag: async-http-client-project-2.4.0),[maven-release-plugin] prepare release async-http-client-project-2.4.0
0db6244a5,2/5/18 17:21,7, (tag: async-http-client-project-2.3.0),[maven-release-plugin] prepare release async-http-client-project-2.3.0
acbdbc426,1/29/18 22:38,7, (tag: async-http-client-project-2.2.1),[maven-release-plugin] prepare release async-http-client-project-2.2.1
e75c218bb,1/22/18 17:39,4, (tag: async-http-client-project-2.2.0),[maven-release-plugin] prepare release async-http-client-project-2.2.0
185713580,1/18/18 18:16,0, (tag: async-http-client-project-2.1.2),[maven-release-plugin] prepare release async-http-client-project-2.1.2
3074e5734,1/18/18 17:30,3, (tag: async-http-client-project-2.1.1),[maven-release-plugin] prepare release async-http-client-project-2.1.1
927333da3,1/15/18 10:17,3, (tag: async-http-client-project-2.1.0),[maven-release-plugin] prepare release async-http-client-project-2.1.0
09de878bc,1/11/18 23:30,23, (tag: async-http-client-project-2.1.0-RC4),[maven-release-plugin] prepare release async-http-client-project-2.1.0-RC4
115555c2c,12/20/17 1:00,7, (tag: async-http-client-project-2.1.0-RC3),[maven-release-plugin] prepare release async-http-client-project-2.1.0-RC3
62509c299,12/13/17 11:52,0, (tag: async-http-client-project-2.1.0-RC2),[maven-release-plugin] prepare release async-http-client-project-2.1.0-RC2
2afae6007,12/13/17 11:44,13, (tag: async-http-client-project-2.0.38),[maven-release-plugin] prepare release async-http-client-project-2.0.38
154263b97,11/30/17 21:07,20, (tag: async-http-client-project-2.1.0-RC1),[maven-release-plugin] prepare release async-http-client-project-2.1.0-RC1
5d5f409db,11/10/17 12:43,46, (tag: async-http-client-project-2.1.0-alpha26),[maven-release-plugin] prepare release async-http-client-project-2.1.0-alpha26
77f88ca05,9/25/17 17:02,0, (tag: async-http-client-project-2.0.37),[maven-release-plugin] prepare release async-http-client-project-2.0.37
598c02821,9/25/17 16:24,10, (tag: async-http-client-project-2.1.0-alpha25),[maven-release-plugin] prepare release async-http-client-project-2.1.0-alpha25
04e8512e5,9/15/17 18:11,18, (tag: async-http-client-project-2.0.36),[maven-release-plugin] prepare release async-http-client-project-2.0.36
0bd86fa9d,8/28/17 11:36,0, (tag: async-http-client-project-2.0.35),[maven-release-plugin] prepare release async-http-client-project-2.0.35
7b8ab9250,8/28/17 10:57,24, (tag: async-http-client-project-2.1.0-alpha24),[maven-release-plugin] prepare release async-http-client-project-2.1.0-alpha24
23d4ccaf4,8/4/17 13:56,0, (tag: async-http-client-project-2.0.34),[maven-release-plugin] prepare release async-http-client-project-2.0.34
b213de235,8/4/17 13:50,4, (tag: async-http-client-project-2.1.0-alpha23),[maven-release-plugin] prepare release async-http-client-project-2.1.0-alpha23
af9e71668,7/31/17 16:43,24, (tag: async-http-client-project-2.1.0-alpha22),[maven-release-plugin] prepare release async-http-client-project-2.1.0-alpha22
d46051782,7/7/17 9:31,9, (tag: async-http-client-project-2.1.0-alpha21),[maven-release-plugin] prepare release async-http-client-project-2.1.0-alpha21
5b37247e8,6/28/17 13:33,19, (tag: async-http-client-project-2.0.33),[maven-release-plugin] prepare release async-http-client-project-2.0.33
1aa0a350a,6/9/17 14:01,21, (tag: async-http-client-project-2.1.0-alpha20),[maven-release-plugin] prepare release async-http-client-project-2.1.0-alpha20
9f539793e,5/19/17 16:33,7, (tag: async-http-client-project-2.1.0-alpha19),[maven-release-plugin] prepare release async-http-client-project-2.1.0-alpha19
dd52f29c5,5/12/17 7:50,10, (tag: async-http-client-project-2.1.0-alpha18),[maven-release-plugin] prepare release async-http-client-project-2.1.0-alpha18
5a6e189c2,5/1/17 21:21,0, (tag: async-http-client-project-2.0.32),[maven-release-plugin] prepare release async-http-client-project-2.0.32
a3b774fe3,5/1/17 20:36,3, (tag: async-http-client-project-2.1.0-alpha17),[maven-release-plugin] prepare release async-http-client-project-2.1.0-alpha17
2f8abb920,4/28/17 21:50,0, (tag: async-http-client-project-2.1.0-alpha16),[maven-release-plugin] prepare release async-http-client-project-2.1.0-alpha16
51761e0a1,4/28/17 21:19,3, (tag: async-http-client-project-2.1.0-alpha15),[maven-release-plugin] prepare release async-http-client-project-2.1.0-alpha15
2dfb1c773,4/25/17 17:41,0, (tag: async-http-client-project-2.1.0-alpha14),[maven-release-plugin] prepare release async-http-client-project-2.1.0-alpha14
16a213892,4/25/17 14:59,6, (tag: async-http-client-project-2.1.0-alpha13),[maven-release-plugin] prepare release async-http-client-project-2.1.0-alpha13
f7dd4a7f5,4/20/17 1:27,19, (tag: async-http-client-project-2.1.0-alpha12),[maven-release-plugin] prepare release async-http-client-project-2.1.0-alpha12
45dc1d9ef,3/31/17 16:09,1, (tag: async-http-client-project-2.1.0-alpha11),[maven-release-plugin] prepare release async-http-client-project-2.1.0-alpha11
cd2051a77,3/30/17 10:51,2, (tag: async-http-client-project-2.1.0-alpha10),[maven-release-plugin] prepare release async-http-client-project-2.1.0-alpha10
1e9692ba0,3/28/17 11:58,1, (tag: async-http-client-project-2.1.0-alpha9),[maven-release-plugin] prepare release async-http-client-project-2.1.0-alpha9
8396a88a6,3/27/17 21:25,13, (tag: async-http-client-project-2.0.31),[maven-release-plugin] prepare release async-http-client-project-2.0.31
35cb2132d,3/14/17 15:21,2, (tag: async-http-client-project-2.1.0-alpha8),[maven-release-plugin] prepare release async-http-client-project-2.1.0-alpha8
242611735,3/12/17 16:26,4, (tag: async-http-client-project-2.1.0-alpha7),[maven-release-plugin] prepare release async-http-client-project-2.1.0-alpha7
1986ac075,3/8/17 18:32,2, (tag: async-http-client-project-2.1.0-alpha6),[maven-release-plugin] prepare release async-http-client-project-2.1.0-alpha6
2dc94bf63,3/6/17 17:14,17, (tag: async-http-client-project-2.0.30),[maven-release-plugin] prepare release async-http-client-project-2.0.30
61957583f,2/17/17 12:57,2, (tag: async-http-client-project-2.1.0-alpha5),[maven-release-plugin] prepare release async-http-client-project-2.1.0-alpha5
877d979be,2/15/17 9:18,7, (tag: async-http-client-project-2.0.29),[maven-release-plugin] prepare release async-http-client-project-2.0.29
c6015eb7e,2/8/17 11:59,1, (tag: async-http-client-project-2.1.0-alpha4),[maven-release-plugin] prepare release async-http-client-project-2.1.0-alpha4
c1034643e,2/7/17 16:07,5, (tag: async-http-client-project-2.1.0-alpha3),[maven-release-plugin] prepare release async-http-client-project-2.1.0-alpha3
3188e5984,2/2/17 10:53,7, (tag: async-http-client-project-2.0.28),[maven-release-plugin] prepare release async-http-client-project-2.0.28
8a700d9f4,1/26/17 17:19,11, (tag: async-http-client-project-2.0.27),[maven-release-plugin] prepare release async-http-client-project-2.0.27
bbe08bf83,1/15/17 9:59,2, (tag: async-http-client-project-2.0.26),[maven-release-plugin] prepare release async-http-client-project-2.0.26
100441339,1/12/17 22:19,0, (tag: async-http-client-project-2.1.0-alpha2),[maven-release-plugin] prepare release async-http-client-project-2.1.0-alpha2
62834a3b1,1/12/17 21:33,65, (tag: async-http-client-project-2.0.25),[maven-release-plugin] prepare release async-http-client-project-2.0.25
d16c439dc,11/8/16 15:34,1, (tag: async-http-client-project-2.0.24),[maven-release-plugin] prepare release async-http-client-project-2.0.24
3a0b4b4aa,11/7/16 21:57,0, (tag: async-http-client-project-2.0.23),[maven-release-plugin] prepare release async-http-client-project-2.0.23
2f22564a2,11/7/16 18:19,9, (tag: async-http-client-project-2.0.22),[maven-release-plugin] prepare release async-http-client-project-2.0.22
9689dea08,10/29/16 9:47,2, (tag: async-http-client-project-2.0.21),[maven-release-plugin] prepare release async-http-client-project-2.0.21
61ea3bd9b,10/27/16 17:05,10, (tag: async-http-client-project-2.0.20),[maven-release-plugin] prepare release async-http-client-project-2.0.20
e0299c1f8,10/17/16 23:45,3, (tag: async-http-client-project-2.0.19),[maven-release-plugin] prepare release async-http-client-project-2.0.19
c061b1803,10/15/16 10:14,1, (tag: async-http-client-project-2.0.18),[maven-release-plugin] prepare release async-http-client-project-2.0.18
e57b60988,10/14/16 18:04,1, (tag: async-http-client-project-2.0.17),[maven-release-plugin] prepare release async-http-client-project-2.0.17
e1de4d47e,10/13/16 11:57,8, (tag: async-http-client-1.9.40),[maven-release-plugin] prepare release async-http-client-1.9.40
190ff03a6,10/5/16 15:40,25, (tag: async-http-client-project-2.0.16),[maven-release-plugin] prepare release async-http-client-project-2.0.16
5d027b10f,9/10/16 23:33,15, (tag: async-http-client-project-2.0.15),[maven-release-plugin] prepare release async-http-client-project-2.0.15
0058f267c,8/26/16 16:27,0, (tag: async-http-client-project-2.0.14),[maven-release-plugin] prepare release async-http-client-project-2.0.14
7a6535ab0,8/26/16 11:34,10, (tag: async-http-client-project-2.0.13),[maven-release-plugin] prepare release async-http-client-project-2.0.13
8e1af18e9,8/16/16 15:29,6, (tag: async-http-client-project-2.0.12),[maven-release-plugin] prepare release async-http-client-project-2.0.12
074bb326b,8/10/16 12:38,14, (tag: async-http-client-project-2.1.0-alpha1),[maven-release-plugin] prepare release async-http-client-project-2.1.0-alpha1
8b64aa18b,7/27/16 10:53,6, (tag: async-http-client-1.9.39),[maven-release-plugin] prepare release async-http-client-1.9.39
2478b2e83,7/21/16 18:08,17, (tag: async-http-client-project-2.0.11),[maven-release-plugin] prepare release async-http-client-project-2.0.11
8ecf95c81,7/4/16 15:55,3, (tag: async-http-client-project-2.0.10),[maven-release-plugin] prepare release async-http-client-project-2.0.10
1ed5eca4b,7/1/16 16:21,0, (tag: async-http-client-project-2.0.9),[maven-release-plugin] prepare release async-http-client-project-2.0.9
4ff74b9b3,7/1/16 13:08,11, (tag: async-http-client-project-2.0.8),[maven-release-plugin] prepare release async-http-client-project-2.0.8
67e32a2e1,6/20/16 12:32,4, (tag: async-http-client-project-2.0.7),[maven-release-plugin] prepare release async-http-client-project-2.0.7
64d7791e4,6/16/16 15:06,9, (tag: async-http-client-project-2.0.6),[maven-release-plugin] prepare release async-http-client-project-2.0.6
025cb3d5b,6/7/16 11:04,13, (tag: async-http-client-project-2.0.5),[maven-release-plugin] prepare release async-http-client-project-2.0.5
3fe79fb9c,5/25/16 12:04,6, (tag: async-http-client-project-2.0.4),[maven-release-plugin] prepare release async-http-client-project-2.0.4
b785c4e24,5/19/16 2:28,27, (tag: async-http-client-project-2.0.3),[maven-release-plugin] prepare release async-http-client-project-2.0.3
6d4ab5a38,4/21/16 17:53,2, (tag: async-http-client-project-2.0.2),[maven-release-plugin] prepare release async-http-client-project-2.0.2
f27bdc80f,4/19/16 22:42,6, (tag: async-http-client-project-2.0.1),[maven-release-plugin] prepare release async-http-client-project-2.0.1
b60e5a0d7,4/13/16 21:48,6, (tag: async-http-client-project-2.0.0),[maven-release-plugin] prepare release async-http-client-project-2.0.0
e6bb504cc,4/7/16 17:18,1, (tag: async-http-client-project-2.0.0-RC21),[maven-release-plugin] prepare release async-http-client-project-2.0.0-RC21
9aefd2df5,4/6/16 11:25,2, (tag: async-http-client-project-2.0.0-RC20),[maven-release-plugin] prepare release async-http-client-project-2.0.0-RC20
59e9c86fc,4/4/16 18:00,1, (tag: async-http-client-project-2.0.0-RC19),[maven-release-plugin] prepare release async-http-client-project-2.0.0-RC19
5e8ccd6bb,4/3/16 10:46,3, (tag: async-http-client-1.9.38),[maven-release-plugin] prepare release async-http-client-1.9.38
4ee600024,3/31/16 17:13,0, (tag: async-http-client-1.8.17),[maven-release-plugin] prepare release async-http-client-1.8.17
589ec41fa,3/31/16 10:14,1, (tag: async-http-client-project-2.0.0-RC18),[maven-release-plugin] prepare release async-http-client-project-2.0.0-RC18
161f72b1f,3/30/16 17:45,0, (tag: async-http-client-1.9.37),[maven-release-plugin] prepare release async-http-client-1.9.37
de3a51354,3/30/16 9:52,5, (tag: async-http-client-project-2.0.0-RC17),[maven-release-plugin] prepare release async-http-client-project-2.0.0-RC17
182ad2aa6,3/25/16 0:09,1, (tag: async-http-client-project-2.0.0-RC16),[maven-release-plugin] prepare release async-http-client-project-2.0.0-RC16
4dd9e5b98,3/23/16 12:44,5, (tag: async-http-client-project-2.0.0-RC15),[maven-release-plugin] prepare release async-http-client-project-2.0.0-RC15
59015be4d,3/18/16 9:34,0, (tag: async-http-client-project-2.0.0-RC14),[maven-release-plugin] prepare release async-http-client-project-2.0.0-RC14
2fc0d89cf,3/18/16 9:31,2, (tag: async-http-client-1.9.36),[maven-release-plugin] prepare release async-http-client-1.9.36
220e216d9,3/16/16 20:39,0, (tag: async-http-client-1.9.35),[maven-release-plugin] prepare release async-http-client-1.9.35
ee71e19c5,3/16/16 18:12,2, (tag: async-http-client-project-2.0.0-RC13),[maven-release-plugin] prepare release async-http-client-project-2.0.0-RC13
604d1ffdc,3/14/16 9:38,6, (tag: async-http-client-1.9.34),[maven-release-plugin] prepare release async-http-client-1.9.34
81aa4f89c,3/8/16 0:19,6, (tag: async-http-client-project-2.0.0-RC12),[maven-release-plugin] prepare release async-http-client-project-2.0.0-RC12
9ccf3b32e,3/2/16 11:35,15, (tag: async-http-client-project-2.0.0-RC11),[maven-release-plugin] prepare release async-http-client-project-2.0.0-RC11
fd6113fe4,2/16/16 22:07,8, (tag: async-http-client-project-2.0.0-RC10),[maven-release-plugin] prepare release async-http-client-project-2.0.0-RC10
88ceebc6f,2/8/16 16:02,5, (tag: async-http-client-project-2.0.0-RC9),[maven-release-plugin] prepare release async-http-client-project-2.0.0-RC9
b783b8c0d,2/3/16 9:43,5, (tag: async-http-client-project-2.0.0-RC8),[maven-release-plugin] prepare release async-http-client-project-2.0.0-RC8
cee7964fd,1/29/16 11:28,17, (tag: async-http-client-1.9.33),[maven-release-plugin] prepare release async-http-client-1.9.33
01ddc7b89,1/12/16 13:25,1, (tag: async-http-client-1.9.32),[maven-release-plugin] prepare release async-http-client-1.9.32
a4c1cf12f,1/11/16 21:06,3, (tag: async-http-client-project-2.0.0-RC7),[maven-release-plugin] prepare release async-http-client-project-2.0.0-RC7
c0e9ead2f,1/8/16 15:48,16, (tag: async-http-client-project-2.0.0-RC6),[maven-release-plugin] prepare release async-http-client-project-2.0.0-RC6
23a496741,12/23/15 22:33,2, (tag: async-http-client-project-2.0.0-RC5),[maven-release-plugin] prepare release async-http-client-project-2.0.0-RC5
db5a7734e,12/21/15 21:20,5, (tag: async-http-client-project-2.0.0-RC4),[maven-release-plugin] prepare release async-http-client-project-2.0.0-RC4
c4fa2eecf,12/16/15 23:43,8, (tag: async-http-client-project-2.0.0-RC3),[maven-release-plugin] prepare release async-http-client-project-2.0.0-RC3
6706da7f0,12/8/15 18:54,8, (tag: async-http-client-project-2.0.0-RC2),[maven-release-plugin] prepare release async-http-client-project-2.0.0-RC2
61a767cf0,11/30/15 11:56,5, (tag: async-http-client-project-2.0.0-RC1),[maven-release-plugin] prepare release async-http-client-project-2.0.0-RC1
d0d493031,11/25/15 8:14,1, (tag: async-http-client-project-2.0.0-alpha27),[maven-release-plugin] prepare release async-http-client-project-2.0.0-alpha27
83c7672f0,11/24/15 14:13,1, (tag: async-http-client-project-2.0.0-alpha26),[maven-release-plugin] prepare release async-http-client-project-2.0.0-alpha26
d240439bc,11/23/15 14:33,4, (tag: async-http-client-project-2.0.0-alpha25),[maven-release-plugin] prepare release async-http-client-project-2.0.0-alpha25
d138b69bc,11/19/15 18:01,10, (tag: async-http-client-project-2.0.0-alpha24),[maven-release-plugin] prepare release async-http-client-project-2.0.0-alpha24
08d25c65e,11/9/15 22:42,4, (tag: async-http-client-project-2.0.0-alpha23),[maven-release-plugin] prepare release async-http-client-project-2.0.0-alpha23
0a00c7953,11/5/15 12:31,2, (tag: async-http-client-project-2.0.0-alpha22),[maven-release-plugin] prepare release async-http-client-project-2.0.0-alpha22
ade7a0496,11/3/15 13:26,1, (tag: async-http-client-project-2.0.0-alpha21),[maven-release-plugin] prepare release async-http-client-project-2.0.0-alpha21
c99011c51,11/2/15 9:49,3, (tag: async-http-client-project-2.0.0-alpha20),[maven-release-plugin] prepare release async-http-client-project-2.0.0-alpha20
12c94c4be,10/30/15 0:44,3, (tag: async-http-client-project-2.0.0-alpha19),[maven-release-plugin] prepare release async-http-client-project-2.0.0-alpha19
b7f381314,10/27/15 0:36,1, (tag: async-http-client-project-2.0.0-alpha18),[maven-release-plugin] prepare release async-http-client-project-2.0.0-alpha18
d20bef339,10/26/15 11:16,11, (tag: async-http-client-project-2.0.0-alpha17),[maven-release-plugin] prepare release async-http-client-project-2.0.0-alpha17
62af8f9c7,10/15/15 15:23,1, (tag: async-http-client-project-2.0.0-alpha16),[maven-release-plugin] prepare release async-http-client-project-2.0.0-alpha16
05d8a3516,10/15/15 0:53,14, (tag: async-http-client-project-2.0.0-alpha15),[maven-release-plugin] prepare release async-http-client-project-2.0.0-alpha15
ef92e5210,9/30/15 14:08,5, (tag: async-http-client-project-2.0.0-alpha14),[maven-release-plugin] prepare release async-http-client-project-2.0.0-alpha14
63a919f19,9/25/15 16:48,1, (tag: async-http-client-project-2.0.0-alpha13),[maven-release-plugin] prepare release async-http-client-project-2.0.0-alpha13
2e2ee3bed,9/24/15 13:16,8, (tag: async-http-client-project-2.0.0-alpha12),[maven-release-plugin] prepare release async-http-client-project-2.0.0-alpha12
6317f1270,9/16/15 19:49,5, (tag: async-http-client-project-2.0.0-alpha11),[maven-release-plugin] prepare release async-http-client-project-2.0.0-alpha11
0a67ec3f1,9/11/15 11:42,3, (tag: async-http-client-project-2.0.0-alpha10),[maven-release-plugin] prepare release async-http-client-project-2.0.0-alpha10
5bf87d930,9/8/15 19:44,9, (tag: async-http-client-project-2.0.0-alpha9),[maven-release-plugin] prepare release async-http-client-project-2.0.0-alpha9
619b574a9,8/30/15 11:53,45, (tag: async-http-client-1.9.31),[maven-release-plugin] prepare release async-http-client-1.9.31
22d0ecb10,7/16/15 21:38,9, (tag: async-http-client-1.9.30),[maven-release-plugin] prepare release async-http-client-1.9.30
77714b521,7/7/15 10:11,13, (tag: 2.0.0-alpha8),[maven-release-plugin] prepare release 2.0.0-alpha8
1f851be01,6/24/15 10:22,0, (tag: 2.0.0-alpha7),[maven-release-plugin] prepare release 2.0.0-alpha7
456b9eb9a,6/24/15 10:17,2, (tag: async-http-client-1.9.29),[maven-release-plugin] prepare release async-http-client-1.9.29
f8962a378,6/22/15 11:10,0, (tag: 2.0.0-alpha6),[maven-release-plugin] prepare release 2.0.0-alpha6
4859ea27e,6/22/15 11:04,10, (tag: async-http-client-1.9.28),[maven-release-plugin] prepare release async-http-client-1.9.28
6daeadbaf,6/12/15 15:26,0, (tag: async-http-client-1.9.27),[maven-release-plugin] prepare release async-http-client-1.9.27
1b6472148,6/12/15 15:17,10, (tag: 2.0.0-alpha5),[maven-release-plugin] prepare release 2.0.0-alpha5
8921e035f,6/2/15 13:47,1, (tag: 2.0.0-alpha4),[maven-release-plugin] prepare release 2.0.0-alpha4
ff5ae7149,6/1/15 11:06,1, (tag: async-http-client-1.9.26),[maven-release-plugin] prepare release async-http-client-1.9.26
86ad79ecd,5/31/15 21:10,1, (tag: 2.0.0-alpha3),[maven-release-plugin] prepare release 2.0.0-alpha3
1ee085ce0,5/31/15 1:43,0, (tag: 2.0.0-alpha2),[maven-release-plugin] prepare release 2.0.0-alpha2
2e2232fe2,5/30/15 23:14,9, (tag: 2.0.0-alpha1),[maven-release-plugin] prepare release 2.0.0-alpha1
0913c6472,5/21/15 15:05,6, (tag: async-http-client-1.9.25),[maven-release-plugin] prepare release async-http-client-1.9.25
2e11ad13e,5/16/15 0:05,1, (tag: async-http-client-1.9.24),[maven-release-plugin] prepare release async-http-client-1.9.24
7e473e085,5/15/15 11:19,5, (tag: async-http-client-1.9.23),[maven-release-plugin] prepare release async-http-client-1.9.23
fe95f7b59,5/9/15 23:56,3, (tag: async-http-client-1.9.22),[maven-release-plugin] prepare release async-http-client-1.9.22
6b4bd9542,5/6/15 14:44,0, (tag: async-http-client-1.9.21),[maven-release-plugin] prepare release async-http-client-1.9.21
85741f8b4,5/6/15 14:40,19, (tag: async-http-client-1.8.16),[maven-release-plugin] prepare release async-http-client-1.8.16
7596cc30b,4/17/15 17:24,3, (tag: async-http-client-1.9.20),[maven-release-plugin] prepare release async-http-client-1.9.20
b32b34efc,4/14/15 23:18,6, (tag: async-http-client-1.9.19),[maven-release-plugin] prepare release async-http-client-1.9.19
b5ab8fba9,4/9/15 0:40,8, (tag: async-http-client-1.9.18),[maven-release-plugin] prepare release async-http-client-1.9.18
70d1cf349,4/1/15 2:22,1, (tag: async-http-client-1.9.17),[maven-release-plugin] prepare release async-http-client-1.9.17
0cb321284,3/31/15 1:07,13, (tag: async-http-client-1.9.16),[maven-release-plugin] prepare release async-http-client-1.9.16
53fc768a4,3/17/15 23:09,1, (tag: async-http-client-1.9.15),[maven-release-plugin] prepare release async-http-client-1.9.15
97d35ee2b,3/16/15 11:53,2, (tag: async-http-client-1.9.14),[maven-release-plugin] prepare release async-http-client-1.9.14
e14c09eb6,3/14/15 15:13,4, (tag: async-http-client-1.9.13),[maven-release-plugin] prepare release async-http-client-1.9.13
6e5ae3aac,3/10/15 16:06,14, (tag: async-http-client-1.9.12),[maven-release-plugin] prepare release async-http-client-1.9.12
83a0a2d4a,2/24/15 17:19,12, (tag: async-http-client-1.9.11),[maven-release-plugin] prepare release async-http-client-1.9.11
43c30642e,2/12/15 14:46,1, (tag: async-http-client-1.9.10),[maven-release-plugin] prepare release async-http-client-1.9.10
552c07ce2,2/11/15 18:12,15, (tag: async-http-client-1.9.9),[maven-release-plugin] prepare release async-http-client-1.9.9
2e017ce92,1/27/15 22:52,1, (tag: async-http-client-1.9.8),[maven-release-plugin] prepare release async-http-client-1.9.8
acd75a88a,1/26/15 11:56,7, (tag: async-http-client-1.9.7),[maven-release-plugin] prepare release async-http-client-1.9.7
07773871b,1/19/15 21:38,7, (tag: async-http-client-1.9.6),[maven-release-plugin] prepare release async-http-client-1.9.6
9d051d708,1/12/15 16:06,4, (tag: async-http-client-1.9.5),[maven-release-plugin] prepare release async-http-client-1.9.5
d1605484b,1/9/15 0:24,26, (tag: async-http-client-1.9.4),[maven-release-plugin] prepare release async-http-client-1.9.4
5d8786195,12/13/14 16:52,1, (tag: async-http-client-1.9.3),[maven-release-plugin] prepare release async-http-client-1.9.3
f4eed60fc,12/12/14 13:28,3, (tag: async-http-client-1.9.2),[maven-release-plugin] prepare release async-http-client-1.9.2
71290d5a3,12/9/14 15:17,8, (tag: async-http-client-1.9.1),[maven-release-plugin] prepare release async-http-client-1.9.1
63a708fa7,12/1/14 19:57,3, (tag: async-http-client-1.9.0),[maven-release-plugin] prepare release async-http-client-1.9.0
2fd8c7f52,11/28/14 15:03,0, (tag: async-http-client-1.8.15),[maven-release-plugin] prepare release async-http-client-1.8.15
a06476425,11/28/14 13:43,7, (tag: async-http-client-1.9.0-BETA24),[maven-release-plugin] prepare release async-http-client-1.9.0-BETA24
2cd9178ad,11/21/14 18:01,0, (tag: async-http-client-1.9.0-BETA23),[maven-release-plugin] prepare release async-http-client-1.9.0-BETA23
a6dc57784,11/21/14 17:26,11, (tag: async-http-client-1.9.0-BETA22),[maven-release-plugin] prepare release async-http-client-1.9.0-BETA22
c196d4e61,11/10/14 15:17,10, (tag: async-http-client-1.9.0-BETA21),[maven-release-plugin] prepare release async-http-client-1.9.0-BETA21
ba1c4cfec,10/31/14 17:47,17, (tag: async-http-client-1.9.0-BETA20),[maven-release-plugin] prepare release async-http-client-1.9.0-BETA20
b7e8e0dae,10/14/14 7:51,5, (tag: async-http-client-1.9.0-BETA19),[maven-release-plugin] prepare release async-http-client-1.9.0-BETA19
9ed723fd6,10/9/14 18:20,7, (tag: async-http-client-1.9.0-BETA18),[maven-release-plugin] prepare release async-http-client-1.9.0-BETA18
3c172e631,10/2/14 13:36,3, (tag: async-http-client-1.9.0-BETA17),[maven-release-plugin] prepare release async-http-client-1.9.0-BETA17
77eb6c2b8,9/29/14 9:49,6, (tag: async-http-client-1.9.0-BETA16),[maven-release-plugin] prepare release async-http-client-1.9.0-BETA16
a69942bf9,9/23/14 19:24,1, (tag: async-http-client-1.8.14),[maven-release-plugin] prepare release async-http-client-1.8.14
05695d2c7,9/22/14 14:35,4, (tag: async-http-client-1.9.0-BETA15),[maven-release-plugin] prepare release async-http-client-1.9.0-BETA15
f4e53623e,9/18/14 23:06,3, (tag: async-http-client-1.9.0-BETA14),[maven-release-plugin] prepare release async-http-client-1.9.0-BETA14
67f1c1004,9/15/14 12:42,6, (tag: async-http-client-1.9.0-BETA13),[maven-release-plugin] prepare release async-http-client-1.9.0-BETA13
929856004,9/9/14 10:12,5, (tag: async-http-client-1.9.0-BETA12),[maven-release-plugin] prepare release async-http-client-1.9.0-BETA12
ce9802d05,9/4/14 13:02,8, (tag: async-http-client-1.9.0-BETA11),[maven-release-plugin] prepare release async-http-client-1.9.0-BETA11
e8e440ff6,8/27/14 17:10,2, (tag: async-http-client-1.9.0-BETA10),[maven-release-plugin] prepare release async-http-client-1.9.0-BETA10
c14ade2da,8/25/14 21:53,0, (tag: async-http-client-1.9.0-BETA9),[maven-release-plugin] prepare release async-http-client-1.9.0-BETA9
ad96be09d,8/25/14 16:05,2, (tag: async-http-client-1.9.0-BETA8),[maven-release-plugin] prepare release async-http-client-1.9.0-BETA8
bdc1ce575,8/24/14 0:01,24, (tag: async-http-client-1.9.0-BETA7),[maven-release-plugin] prepare release async-http-client-1.9.0-BETA7
8d7fdd29d,7/30/14 14:29,0, (tag: async-http-client-1.8.13),[maven-release-plugin] prepare release async-http-client-1.8.13
37361603f,7/30/14 14:24,5, (tag: async-http-client-1.9.0-BETA6),[maven-release-plugin] prepare release async-http-client-1.9.0-BETA6
b35a10d0c,7/25/14 13:30,1, (tag: async-http-client-1.9.0-BETA5),[maven-release-plugin] prepare release async-http-client-1.9.0-BETA5
e514e3bb4,7/24/14 14:44,1, (tag: async-http-client-1.9.0-BETA4),[maven-release-plugin] prepare release async-http-client-1.9.0-BETA4
2682a407b,7/23/14 20:09,5, (tag: async-http-client-1.9.0-BETA3),[maven-release-plugin] prepare release async-http-client-1.9.0-BETA3
21f59b498,7/18/14 15:53,8, (tag: async-http-client-1.9.0-BETA2),[maven-release-plugin] prepare release async-http-client-1.9.0-BETA2
d2f7b38cd,7/10/14 16:17,9, (tag: async-http-client-1.9.0-BETA1),[maven-release-plugin] prepare release async-http-client-1.9.0-BETA1
7fc54eec2,7/1/14 11:11,15, (tag: async-http-client-1.8.12),[maven-release-plugin] prepare release async-http-client-1.8.12
8d9a8ba1d,6/16/14 15:12,5, (tag: async-http-client-1.8.11),[maven-release-plugin] prepare release async-http-client-1.8.11
1b211cd52,6/11/14 14:34,22, (tag: async-http-client-1.8.10),[maven-release-plugin] prepare release async-http-client-1.8.10
06ef0df0f,5/20/14 15:58,22, (tag: async-http-client-1.8.9),[maven-release-plugin] prepare release async-http-client-1.8.9
470f4d234,4/28/14 11:15,16, (tag: async-http-client-1.8.8),[maven-release-plugin] prepare release async-http-client-1.8.8
b8a4a91e8,4/12/14 22:56,3, (tag: async-http-client-1.8.7),[maven-release-plugin] prepare release async-http-client-1.8.7
67a9029ad,4/9/14 15:27,6, (tag: async-http-client-1.8.6),[maven-release-plugin] prepare release async-http-client-1.8.6
8cefd82ee,4/3/14 18:45,14, (tag: async-http-client-1.8.5),[maven-release-plugin] prepare release async-http-client-1.8.5
5287a196f,3/20/14 14:43,38, (tag: async-http-client-1.8.4),[maven-release-plugin] prepare release async-http-client-1.8.4
065b8271f,2/10/14 15:21,3, (tag: async-http-client-1.8.3),[maven-release-plugin] prepare release async-http-client-1.8.3
c87ff4221,2/7/14 11:20,7, (tag: async-http-client-1.8.2),[maven-release-plugin] prepare release async-http-client-1.8.2
8699ef3f0,1/31/14 11:50,0, (tag: async-http-client-1.8.1),[maven-release-plugin] prepare release async-http-client-1.8.1
7b679f01a,1/31/14 9:53,16, (tag: async-http-client-1.8.0),[maven-release-plugin] prepare release async-http-client-1.8.0
028b46df0,1/15/14 10:22,28, (tag: async-http-client-1.7.24),[maven-release-plugin] prepare release async-http-client-1.7.24
0bcf45851,12/18/13 9:56,15, (tag: async-http-client-1.7.23),[maven-release-plugin] prepare release async-http-client-1.7.23
f954d6ee0,12/3/13 16:19,48, (tag: async-http-client-1.7.22),[maven-release-plugin] prepare release async-http-client-1.7.22
f4c5142f2,10/16/13 10:07,26, (tag: async-http-client-1.7.21),[maven-release-plugin] prepare release async-http-client-1.7.21
f3eaf19c1,9/20/13 13:58,52, (tag: async-http-client-1.7.20),[maven-release-plugin] prepare release async-http-client-1.7.20
f2be57b3c,7/30/13 18:00,27, (tag: async-http-client-1.7.19),[maven-release-plugin] prepare release async-http-client-1.7.19
3ef7b83d9,7/3/13 9:12,34, (tag: async-http-client-1.7.18),[maven-release-plugin] prepare release async-http-client-1.7.18
f7429c607,5/30/13 17:03,10, (tag: async-http-client-1.7.17),[maven-release-plugin] prepare release async-http-client-1.7.17
69b8c9cb3,5/20/13 14:39,17, (tag: async-http-client-1.7.16),[maven-release-plugin] prepare release async-http-client-1.7.16
9bfd4da80,5/3/13 9:03,8, (tag: async-http-client-1.7.15),[maven-release-plugin] prepare release async-http-client-1.7.15
fe28c77b0,4/25/13 18:11,13, (tag: async-http-client-1.7.14),[maven-release-plugin] prepare release async-http-client-1.7.14
4cc2f1453,4/12/13 16:14,29, (tag: async-http-client-1.7.13),[maven-release-plugin] prepare release async-http-client-1.7.13
59a4c4613,3/14/13 12:13,9, (tag: async-http-client-1.7.12),[maven-release-plugin] prepare release async-http-client-1.7.12
c4e94a169,3/5/13 8:27,40, (tag: async-http-client-1.7.11),[maven-release-plugin] prepare release async-http-client-1.7.11
00888a9f3,1/23/13 21:46,36, (tag: async-http-client-1.7.10),[maven-release-plugin] prepare release async-http-client-1.7.10
434462bf9,12/18/12 21:22,19, (tag: async-http-client-1.7.9),[maven-release-plugin] prepare release async-http-client-1.7.9
dd798e0aa,11/29/12 17:26,20, (tag: async-http-client-1.7.8),[maven-release-plugin] prepare release async-http-client-1.7.8
0000eb19b,11/9/12 15:25,74, (tag: async-http-client-1.7.7),[maven-release-plugin] prepare release async-http-client-1.7.7
723dd7e37,8/27/12 14:58,102, (tag: async-http-client-1.7.6),[maven-release-plugin] prepare release async-http-client-1.7.6
34e92a98f,5/17/12 12:57,24, (tag: async-http-client-1.7.5),[maven-release-plugin] prepare release async-http-client-1.7.5
6c4a33c23,4/23/12 17:28,10, (tag: async-http-client-1.7.4),[maven-release-plugin] prepare release async-http-client-1.7.4
b3f31680d,4/13/12 17:06,9, (tag: async-http-client-1.7.3),[maven-release-plugin] prepare release async-http-client-1.7.3
93e6e7825,4/4/12 19:53,44, (tag: async-http-client-1.7.2),[maven-release-plugin] prepare release async-http-client-1.7.2
a3b69e75d,2/20/12 19:42,40, (tag: async-http-client-1.7.1),[maven-release-plugin] prepare release async-http-client-1.7.1
718751e1c,1/11/12 15:26,21, (tag: async-http-client-1.7.0),[maven-release-plugin] prepare release async-http-client-1.7.0
edd767d25,12/21/11 10:46,103, (tag: async-http-client-1.7.0-RC1),[maven-release-plugin] prepare release async-http-client-1.7.0-RC1
09e8625ae,9/9/11 22:11,95, (tag: async-http-client-1.6.5),[maven-release-plugin] prepare release async-http-client-1.6.5
429aef861,6/6/11 13:28,69, (tag: async-http-client-1.6.4),[maven-release-plugin] prepare release async-http-client-1.6.4
04203c0d7,3/29/11 16:16,18, (tag: async-http-client-1.6.3),[maven-release-plugin] prepare release async-http-client-1.6.3
27df18c83,3/11/11 14:17,17, (tag: async-http-client-1.6.2),[maven-release-plugin] prepare release async-http-client-1.6.2
8e97a3377,2/22/11 17:12,13, (tag: async-http-client-1.6.1),[maven-release-plugin] prepare release async-http-client-1.6.1
f6befa133,2/9/11 14:03,9, (tag: async-http-client-1.6.0),[maven-release-plugin] prepare release async-http-client-1.6.0
b52a8de5d,1/31/11 12:59,61, (tag: async-http-client-1.5.0),[maven-release-plugin] prepare release async-http-client-1.5.0
5ce359e67,12/1/10 11:04,16, (tag: async-http-client-1.4.1),[maven-release-plugin] prepare release async-http-client-1.4.1
c8bdd4bbd,11/15/10 19:00,3, (tag: async-http-client-1.4.0),[maven-release-plugin] prepare release async-http-client-1.4.0
3c844348e,11/12/10 14:21,11, (tag: async-http-client-1.3.4.GA),[maven-release-plugin] prepare release async-http-client-1.3.4.GA
90d689276,11/1/10 15:27,4, (tag: async-http-client-1.3.3),[maven-release-plugin] prepare release async-http-client-1.3.3
ac3aa5632,10/28/10 10:45,6, (tag: async-http-client-1.3.2),[maven-release-plugin] prepare release async-http-client-1.3.2
cb97ea102,10/22/10 13:13,2, (tag: async-http-client-1.3.1),[maven-release-plugin] prepare release async-http-client-1.3.1
1b3b30ed3,10/20/10 20:52,13, (tag: async-http-client-1.3.0),[maven-release-plugin] prepare release async-http-client-1.3.0
f5f398225,10/7/10 18:46,33, (tag: async-http-client-1.2.0),[maven-release-plugin] prepare release async-http-client-1.2.0
b28309875,9/4/10 14:58,73, (tag: async-http-client-1.1.0),[maven-release-plugin] prepare release async-http-client-1.1.0
0d93e3f78,6/23/10 10:28,, (tag: async-http-client-1.0.0),[maven-release-plugin] prepare release async-http-client-1.0.0
,,,,
,average:,13,,