commit,timestamp,between_releases,tag,message
d4cf5b93,9/24/18 11:58,5, (tag: 3.59.0),"Revert Add presto jdbc dependency for reportal module (#1959)"" (#1963)"""
b70ee970,9/19/18 18:17,15, (tag: 3.58.0),Add presto jdbc dependency for reportal module (#1959)
88240fca,9/4/18 11:20,4," (tag: 3.57.0, tag: 3.56.0)","add size"" parameter during initializing a new page. (#1941)"""
5e066526,8/31/18 13:56,1, (tag: 3.55.0),Fix flaky test of runFlowOnJobStatusConditionNull (#1940)
7f64655b,8/30/18 15:43,3, (tag: 3.54.0),Reportal presto jobtype (#1929)
462962f1,8/27/18 10:23,5," (tag: 3.53.0, tag: 3.52.0)",Conditional workflow - Validate conditions (#1918)
11f9f437,8/22/18 10:28,13, (tag: 3.51.4),add serialVersionUID for serializable classes in flow trigger (#1933)
c7ed45f7,8/9/18 16:41,0, (tag: 3.51.3),move documentation build guide to the root readme (#1913)
2be255d1,8/9/18 9:36,1, (tag: 3.51.1),Inject azkaban configurations into hadoop application tags (#1904)
d2db592f,8/8/18 15:12,20, (tag: 3.51.0),"when loading project dir metadata into memory, create the project size file if it doesn't exist (#1911)"
23a5fe72,7/19/18 10:14,7, (tag: 3.50.2),Set up new Documentation toolset and publish it to readTheDocs (#1861)
9f87c6ab,7/12/18 14:02,2, (tag: 3.50.1),change jacoco task name (#1852)
4798ec62,7/10/18 10:55,1, (tag: 3.50.0),Enable project uploading from restli endpoint schedule flow trigger (#1813)
e49b22db,7/9/18 15:14,19, (tag: 3.49.0),Add a test to run a v2 flow file with the new DAG engine (#1840)
e9dfd50d,6/20/18 13:33,15, (tag: 3.48.0),address feedback from #1803 (#1812)
bf1bb13c,6/5/18 16:46,4, (tag: 3.47.2),Jobsummary lib should include both classes and velocity files (#1790)
3b74a412,6/1/18 16:38,15, (tag: 3.47.1),Fix compression vulnerability. (#1779)
c4a64921,5/17/18 13:07,41, (tag: 3.47.0),Remove the find node by name method (#1761)
f9ec3aaf,4/6/18 20:36,0, (tag: 3.46.0),Users should be able to use a custom job log format (#1719)
7c5d0aea,4/6/18 13:38,9, (tag: 3.45.2),reportal Email template rollback (#1720)
de763e98,3/28/18 18:07,5, (tag: 3.45.1),All executor servlets to use POST (#1711)
8112d337,3/23/18 12:18,21, (tag: 3.45.0),Call executor servlet with POST (#1659)
41da653a,3/2/18 16:08,3, (tag: 3.44.0),Rename executor start and shutdown scripts (#1672)
0ea4cb80,2/27/18 12:51,15, (tag: 3.43.0),flow trigger max wait time validation error message improvement (#1667)
7dff2dd3,2/12/18 10:38,14, (tag: 3.42.0),flow trigger instance UI (#1637)
3867292f,1/29/18 16:24,19, (tag: 3.41.0),Trigger Instance and dependency instance status update processor (#1619)
2add2405,1/10/18 12:04,7, (tag: 3.40.0),Enforcing num of concurrent runs quota given a Flow Executable (#1590)
7eb3c2b1,1/3/18 15:48,0, (tag: 3.38.4),Quick fix for failing cron tests due to new year. More thorough investigation needed for better fix. (#1596)
db7eca8b,1/3/18 15:24,1, (tag: 3.38.3),use java lib instead of external sh commands to do recursive hard linking (#1583)
1d90fb3c,1/2/18 15:19,13, (tag: 3.39.1),Quick fix for failing cron tests due to new year. More thorough investigation needed for better fix. (#1596)
bb9fb41b,12/20/17 13:33,0, (tag: 3.38.2),use java lib instead of external sh commands to do recursive hard linking (#1583)
7b7833aa,12/20/17 11:42,23, (tag: 3.39.0),Add azkabanFlowVersion in executableFlow (#1586)
b2fafe17,11/27/17 14:38,20, (tag: 3.38.1),Create a job setting to enable leveraging custom credential provider (#1556)
76c3759d,11/7/17 11:30,25, (tag: 3.38.0),Proposing CredentialProvider interface (#1552)
ce1e17b0,10/13/17 8:22,14, (tag: 3.37.0),Issue #1433 part 2/2: Remove code duplication in FlowWatcher tests (#1536)
cb532bef,9/29/17 14:49,3, (tag: 3.36.0),Fix bug in killed quick finish (#1518)
a30998d6,9/26/17 14:57,4," (tag: 3.34.1, origin/3.34.x)",3.34.x hotfix branch with cherry picks (#1507)
46c428c8,9/22/17 16:42,24, (tag: 3.35.0),Fix azkaban-solo-server by including hadoop dependencies in build.gradle (#1503)
dee8734a,8/29/17 16:41,1, (tag: 3.34.0),Update errorprone to latest version 2.1.0 (#1408)
eccc72ba,8/28/17 11:41,6," (tag: 3.32.2, origin/3.32.x)",build: use a fixed google errorprone version (#1382)
a42e0a88,8/22/17 13:25,19, (tag: 3.33.0),rewrite assign executor jdbc methods (#1379)
e7bf9944,8/3/17 10:37,2, (tag: 3.32.1),Add default config to Emailer (#1305)
92aff731,8/1/17 11:14,15, (tag: 3.32.0),"Revert New status: KILLING (#1172)"" (#1300)"""
6d112373,7/17/17 13:55,7, (tag: 3.30.1),"Revert Use RetryingHiveMetaStoreClient instead of HiveMetaStoreClient (#1235)"" (#1269)"""
6c6669f4,7/10/17 15:30,18, (tag: 3.31.0),"Revert Use RetryingHiveMetaStoreClient instead of HiveMetaStoreClient (#1235)"" (#1269)"""
14a6a225,6/22/17 12:12,9, (tag: 3.30.0),"Revert Add the project-report gradle plugin (#1225)"" (#1249)"""
770a1eb4,6/13/17 16:34,1, (tag: 3.29.0),HDFS instance needs to be created post UGI login (#1222)
8ac76c7c,6/12/17 13:01,6, (tag: 3.28.0),"Revert uploadExecutableNode improvement (#1167)"" (#1185)"""
c9e0b7e0,6/6/17 6:45,4, (tag: 3.27.0),Fix MutableConstantField ErrorProne warning (#1170)
716514a5,6/2/17 9:57,1, (tag: 3.26.0),revertProjectCache (#1144)
8b7041ba,6/1/17 11:20,2, (tag: 3.25.1),Having setExpireCondition to help products relying on azkaban (#1139)
cf3406a8,5/30/17 10:12,1, (tag: 3.25.0),"fix AZKABAN_OPTS handling in azkaban-{web,executor}-start.sh (#1108)"
f9b42b7e,5/29/17 16:30,14," (tag: 3.20.1-endDateReportal, tag: 3.20.1, origin/endDateReportal)",end Date implementation on 3.20.0
95bf5f86,5/15/17 14:36,7, (tag: 3.24.0),refactor TriggerManager (#1082)
a48bb4c8,5/8/17 14:18,5, (tag: 3.23.0),Fix bugs in resubmitting flow and fetching flow logs after flow finis… (#1062)
b4c4051c,5/3/17 16:40,1, (tag: 3.22.0),Changing Storage API key from URI to String (#1051)
32e9ba51,5/2/17 15:36,14, (tag: 3.21.0),Restoring Distribution code for azkaban-hadoop-security-plugin (#1049)
ff2979f7,4/18/17 9:48,8, (tag: 3.20.0),"Update Gauva,Error Prone. Fix errors (#992)"
6349953e,4/10/17 13:36,6, (tag: 3.19.0),Fixing js libraries version compatibility (#979)
4098d02a,4/4/17 15:59,15, (tag: 3.18.0),"If a flow runs for longer than 10 days (configurable), kill it. (#955)"
115213,3/20/17 15:19,13, (tag: 3.17.0),Insert azkaban.job.id before building job type (#944)
2b30e7dd,3/7/17 9:46,32, (tag: 3.16.0),Metrics Code Refactor and adding key metrics (#930)
1c2e871f,2/3/17 15:22,16, (tag: 3.15.0),Have scheduled flow's job diabled/enabled status be picked up by next execution. (#892)
668cc733,1/18/17 13:52,14, (tag: 3.14.0),"Revert Upgraded Jetty from 6.1.26 to 9.3.14"" (#877)"""
2dd32559,1/4/17 16:36,30, (tag: 3.13.0),Fix Noop job failure by loading common.properties file to all jobtypes. (#866)
e35a029b,12/5/16 12:51,4, (tag: 3.12.0),Redirect System out and err to log4j (#841)
415446d9,12/1/16 12:40,1, (tag: 3.11.0),Lazy evaluation of version field in jar manifest (#842)
b5990b87,11/30/16 14:07,1, (tag: 3.10.3),1. make rename operation atomic (#831)
02ceec73,11/29/16 13:45,1," (tag: 3.10.2, tag: 3.10.1)","Revert Show version number in Azkaban logo in Web server UI (#820)"""""
418505ff,11/28/16 9:01,12, (tag: 3.10.0),Change the Azkaban executor and web start script to redirect error output to a log file correctly (#833)
b089709a,11/16/16 16:31,0, (tag: 3.9.2),Fix db upload issue (#815)
e2aef77f,11/16/16 16:23,1, (tag: 3.9.1),mend
2cb59c73,11/15/16 10:34,9, (tag: 3.9.0),Deleted Azkaban config files from repo (#814)
4cfede7b,11/6/16 14:57,6, (tag: 3.8.0),Add support for upstream gateways or proxies in front of Azkaban web server (#758)
8997a032,10/31/16 17:40,5, (tag: 3.7.0),Warn Users that DOW and DOM fields can not have * simultaneously  (#786)
157fa356,10/26/16 19:58,9, (tag: 3.6.0),disable cache fetch when it is looking for job state. (#780)
b7572f2d,10/17/16 20:53,7, (tag: 3.5.0),Bug Fix: Hardcoded build directory causes some missing files in the distribution (#772)
d854fb04,10/10/16 15:03,14," (tag: 3.4.1, tag: 3.4.0)",Removed logging of sensitive token info in HadoopSecurityManager (#762)
457a128b,9/26/16 13:42,7, (tag: 3.3.0),"reset schedule example to * * ? * * , in order to make users clear (#751)"
0a46a291,9/19/16 17:24,52, (tag: 3.2.0),refactor js code in schedule-panel js (#742)
e94d5a33,7/29/16 9:16,252, (tag: 3.1.0),Build versioning and refactor of build scripts (#694)
ff3d3ebd,11/20/15 13:47,60, (tag: 3.0.0),Azkaban 3.0.0
91321b71,9/21/15 17:39,272, (tag: 2.7.0),Merge pull request #495 from johnyu0520/krb5_hotfix
059b0d10,12/23/14 11:25,64, (tag: 2.6.4),release 2.6.4
51fe3316,10/20/14 10:54,80, (tag: 2.6.3),Merge pull request #340 from hluu/master
51bd432f,8/1/14 13:42,44, (tag: 2.6.2),Merge pull request #297 from hluu/master
b751d42e,6/18/14 12:34,49, (tag: 2.6.1),Update README build badge.
ecbcd851,4/30/14 10:41,9, (tag: 2.6.0),Merge pull request #229 from rbpark/expression
a6b9662c,4/21/14 20:35,55, (tag: 2.5.0),Merge pull request #221 from azkaban/webapp
5beecdd9,2/25/14 14:19,7, (tag: 2.5.0-rc4),Merge branch 'master' of github.com:azkaban/azkaban2 into release-2.5
08f3d44a,2/18/14 17:48,13, (tag: 2.5.0-rc3),Merge pull request #189 from cjyu/master
b0e5ddf7,2/5/14 20:50,1, (tag: 2.5.0-rc2),Merge pull request #147 from rbpark/master
3f3296c0,2/4/14 21:58,1, (tag: 2.5.0-rc1),Merge pull request #136 from davidzchen/ui-tweaks
c703fb4f,2/3/14 21:41,6, (tag: 2.5.0-beta2),Build packages now adds azkaban.versions file to determine which version of azkaban is built.
e7f48827,1/28/14 19:21,, (tag: 2.5.0-beta1),"Updating build script to name packages after git tags. If tags don't exist, pull from the build.properties."
,,,,
,average:,18,,