commit,timestamp,between_releases,tag,message
71e906ac8,9/27/18 10:30,29," (tag: v3.4.1, tag: v3.4.0)",:bookmark: 发布 v3.4.1
0e3e05091,8/29/18 9:21,27, (tag: 3.3.0),:bookmark: 发布 v3.3.0
3718388bb,8/2/18 10:43,21, (tag: 3.2.0),:bookmark: 发布 v3.2.0
e671cf10e,7/12/18 9:41,29, (tag: 3.1.0),Merge remote-tracking branch 'origin/3.1.0-dev' into 3.1.0-dev
92a3f0d37,6/13/18 9:59,19, (tag: 3.0.0),Merge remote-tracking branch 'origin/3.0.0-dev' into 3.0.0-dev
b26b4c1b5,5/25/18 9:08,21, (tag: 2.8.0),:bookmark: 发布 v2.8.0
6f337f0b4,5/3/18 23:56,24, (tag: 2.7.0),:bookmark: 发布 v2.7.0
6ebd82e05,4/10/18 8:28,27, (tag: 2.6.0),:bookmark: 发布 v2.6.0
0e47ae7cc,3/14/18 8:56,35, (tag: 2.5.0),:bookmark: Release v2.5.0
435d54323,2/7/18 10:18,56, (tag: 2.4.0),:bookmark: Release v2.4.0
d2698b66e,12/13/17 13:26,42, (tag: 2.3.0),:bookmark: Release v2.3.0
b7ed835bd,11/1/17 13:48,167, (tag: 2.2.0),:bookmark: Release v2.2.0
635886865,5/19/17 0:08,73, (tag: 2.1.0),Merge remote-tracking branch 'refs/remotes/origin/2.1.0-dev'
1091e48e6,3/7/17 10:14,54, (tag: 2.0.0),Merge remote-tracking branch 'refs/remotes/origin/2.0.0-dev'
b9408b217,1/12/17 22:11,19, (tag: 1.9.0),Merge remote-tracking branch 'refs/remotes/origin/1.9.0-dev'
b2b09598a,12/24/16 13:04,17, (tag: 1.8.0),Merge branch '1.8.0-dev'
baa8d28c0,12/7/16 10:19,49, (tag: 1.7.0),:bookmark: Release 1.7.0
53050209,10/19/16 14:28,59, (tag: 1.6.0),消缺 - 登出
f8a1c9235,8/22/16 1:11,24, (tag: 1.5.0),#249
78e71f66f,7/29/16 11:16,301, (tag: 1.4.0),Release 1.4.0
0f8c8d8e5,10/2/15 18:04,257, (tag: 1.3.0),发布 Sym 1.3.0
0666091c7,1/18/15 14:22,296, (tag: 1.0.0),Merge pull request #72 from b3log/1.0.0
3e63e2277,3/28/14 11:18,, (tag: 0.2.5),发布 0.2.5
,,,,
,average:,75,,