commit,timestamp,between_releases,tag,message
138b2b84,11/10/17 20:54,180, (tag: v2.1.5),升级 2.1.5 新增升级日志
de27a4be,5/14/17 20:39,24, (tag: v2.0.8),2.0.8 升级日志
f225d577,4/20/17 14:40,26, (tag: v2.0.6),发布 2.0.6
33a4c446,3/25/17 18:52,3, (tag: v2.0.5),change version
eaabb857,3/22/17 14:03,37, (tag: v2.0.3),升级 2.0.3 发版
d69f5051,2/13/17 12:07,30, (tag: v2.0.2),Merge remote-tracking branch 'origin/dev' into dev
ee33f102,1/14/17 13:41,34, (tag: v2.0.1),更新 CHANGELOG.md
8b767498,12/11/16 21:43,33, (tag: v2.0),升级 2.0 正式版
8e33ab64,11/8/16 22:04,8, (tag: v2.0-beta),去除无用代码
c39bc42a,10/31/16 11:41,19, (tag: v1.4.9),修改buildController创建的包路径； 修改buildResultMap生成的type为实体类的全路径。
da091252,10/12/16 14:44,15, (tag: v1.4.8),升级1.4.8
8e7a27dd,9/27/16 15:16,23, (tag: v1.4.7),修改更新日志
dd0fabcf,9/4/16 20:43,7, (tag: v1.4.6),升级 v1.4.6
8c24935f,8/28/16 20:32,6, (tag: v1.4.5),升级 1.4.5 支持热加载、公共字段自定义填充。
9a256bc7,8/22/16 23:51,6, (tag: v1.4.3),升级 1.4.3 测试传递依赖
3abc1a40,8/17/16 0:31,41, (tag: v1.4.0),升级 1.4.0 新增 delete update 全表操作禁止执行拦截器
422682be,7/6/16 17:02,119, (tag: v1.3.0),升级 1.3.0 支持 like 比较等查询 sqlSegment 实现
0d18c567,3/9/16 17:55,22, (tag: v1.2.1),命名统一
bd3d1223,2/16/16 12:37,20, (tag: v1.1),升级 v1.1
77b37115,1/27/16 16:22,, (tag: v1.0),Update README.md
,,,,
,average:,34,,