commit,timestamp,between_releases,tag,message
5cb222c7de,9/13/18 16:48,14, (tag: v2.0-rc6),Update bigbluebutton-release
6f4e00aed1,8/30/18 11:48,15, (tag: v2.0-rc5),Merge pull request #6024 from riadvice/fix-chrome-extension-link-update
6459b84c83,8/15/18 13:58,15, (tag: v2.0-rc4),Pulled HTML5 locales aug 15; Fix for locale switch edge case (#5984)
321e4bcbad,7/31/18 16:32,24, (tag: v2.0-rc3),Merge pull request #5947 from antobinary/test-5946
73db36bc9d,7/7/18 17:30,87, (tag: v2.0-rc2),Added blank pages for whiteboard
04eefb40f2,4/11/18 11:46,181, (tag: dcs-2-a),Merge pull request #5329 from ritzalam/mobile-inactivity-timer
4ad3b30fff,10/12/17 15:20,141, (tag: v2.0.x-html5-beta1),Merge pull request #4511 from kepstin/bbb-20-rec-fixes
6df3eb2afe,5/24/17 15:57,375, (tag: v1.1.0),Merge pull request #3940 from JaeeunCho/hidden_closedCaption
ad746beb5d,5/14/16 9:50,211, (tag: v1.0.0),Merge pull request #3137 from ffdixon/v1.0.x-release
25cd1701c6,10/16/15 16:20,114, (tag: v0.9.2),Merge pull request #2844 from ritzalam/update-deskshare-0.9.0-jar
18aee902ee,6/24/15 11:00,294, (tag: v0.9.1),bumping version number of index.html
59dbdc55aa,9/3/14 14:34,300, (tag: v0.9.0-beta),Merge remote-tracking branch 'upstream/master' into sort-raisehand-better
0d50884e08,11/7/13 20:08,7, (tag: v0.81),Merge branch 'master' of github.com:bigbluebutton/bigbluebutton
329d2b9af1,10/31/13 17:44,10, (tag: v0.81rc5),Merge pull request #291 from SenecaCDOT-BigBlueButton/add-another-string
d041ebfcde,10/21/13 17:06,12, (tag: v0.81rc4),Merge pull request #277 from SenecaCDOT-BigBlueButton/fix-javacheck-highlight
3cf7a53631,10/9/13 14:28,12, (tag: v0.81rc3),Merge pull request #272 from gugat/locales
6b7438e9f8,9/27/13 19:01,23, (tag: v0.81rc2),Updated wording of welcomeMessageFooter
6b95448865,9/4/13 15:11,80, (tag: v0.81rc),Merge pull request #249 from SenecaCDOT-BigBlueButton/fix-logout-window-localisation
70f26a27f2,6/16/13 7:19,135, (tag: v0.81b),Minor updates to welcome message
68d8f96730,1/31/13 21:09,227, (tag: 0.81-dev-deskshare-fixes-compatible-with-0.8), - change messages
17bba97d40,6/18/12 12:56,38, (tag: v0.8), - add catalan locale  - update version to 0.8
113cbad759,5/11/12 9:49,37, (tag: v0.8rc2),Lowered check for 2G memory to under 1975
50bd44c6ed,4/4/12 18:13,26, (tag: v0.8b4.0),Merge branch 'master' of github.com:bigbluebutton/bigbluebutton
d8274e0920,3/9/12 22:17,322, (tag: v0.8b4), - send the number of slide completed instead of page number
5e41c46ea6,4/22/11 23:05,102, (tag: pre-recording-merge),Added Settings Module to build.xml
68a31cb15f,1/10/11 22:09,62, (tag: v0.71a),- Changed the version in index.html to 0.71a
312b3f216b,11/10/10 9:55,118, (tag: v0.71),Merge branch 'master' of github.com:bigbluebutton/bigbluebutton
54ccec0c51,7/15/10 12:55,, (tag: v0.7),Modified an error message
,,,,
,average:,110,,