commit,timestamp,between_releases,tag,message
ad827dbb,5/30/18 15:41,49, (tag: HikariCP-3.2.0),[maven-release-plugin] prepare release HikariCP-3.2.0
234ba765,4/11/18 13:24,5, (tag: HikariCP-3.1.0),[maven-release-plugin] prepare release HikariCP-3.1.0
306407b4,4/6/18 2:27,3, (tag: HikariCP-2.7.9),[maven-release-plugin] prepare release HikariCP-2.7.9
132683a0,4/3/18 4:03,39, (tag: HikariCP-3.0.0),[maven-release-plugin] prepare release HikariCP-3.0.0
509a59f6,2/22/18 22:51,15, (tag: HikariCP-2.7.8),[maven-release-plugin] prepare release HikariCP-2.7.8
594ca8be,2/7/18 23:45,25, (tag: HikariCP-2.7.7),[maven-release-plugin] prepare release HikariCP-2.7.7
314e0e64,1/14/18 1:16,3, (tag: HikariCP-2.7.6),[maven-release-plugin] prepare release HikariCP-2.7.6
3078ea6d,1/10/18 22:28,47, (tag: HikariCP-2.7.5),[maven-release-plugin] prepare release HikariCP-2.7.5
038af357,11/25/17 2:16,15, (tag: HikariCP-2.7.4),[maven-release-plugin] prepare release HikariCP-2.7.4
85c450de,11/10/17 13:11,39, (tag: HikariCP-2.7.3),[maven-release-plugin] prepare release HikariCP-2.7.3
696a7396,10/3/17 0:55,25, (tag: HikariCP-2.7.2),[maven-release-plugin] prepare release HikariCP-2.7.2
792abb33,9/8/17 4:50,0, (tag: HikariCP-2.4.13),[maven-release-plugin] prepare release HikariCP-2.4.13
ec851071,9/8/17 4:25,6, (tag: HikariCP-2.7.1),[maven-release-plugin] prepare release HikariCP-2.7.1
b3bcdbe9,9/2/17 12:22,81, (tag: HikariCP-2.7.0),[maven-release-plugin] prepare release HikariCP-2.7.0
85a77c25,6/13/17 22:00,16, (tag: HikariCP-2.6.3),[maven-release-plugin] prepare release HikariCP-2.6.3
3d6ce244,5/28/17 18:57,5, (tag: HikariCP-2.4.12),[maven-release-plugin] prepare release HikariCP-2.4.12
54e4fef6,5/24/17 3:15,34, (tag: HikariCP-2.6.2),[maven-release-plugin] prepare release HikariCP-2.6.2
f15e51f2,4/20/17 14:35,41, (tag: HikariCP-2.6.1-java9ea),[maven-release-plugin] prepare release HikariCP-2.6.1-java9ea
a7c8f0c5,3/10/17 20:58,42, (tag: HikariCP-2.6.1),[maven-release-plugin] prepare release HikariCP-2.6.1
867b07ac,1/27/17 9:43,3, (tag: HikariCP-2.4.11),[maven-release-plugin] prepare release HikariCP-2.4.11
67f4b28e,1/24/17 13:37,0, (tag: HikariCP-2.4.10),[maven-release-plugin] prepare release HikariCP-2.4.10
3ee1f9e9,1/24/17 13:29,125, (tag: HikariCP-2.6.0),[maven-release-plugin] prepare release HikariCP-2.6.0
48564afe,9/21/16 9:39,2, (tag: HikariCP-2.4.9),[maven-release-plugin] prepare release HikariCP-2.4.9
09661be3,9/19/16 20:43,12, (tag: HikariCP-2.5.1),[maven-release-plugin] prepare release HikariCP-2.5.1
2097e718,9/7/16 11:54,0, (tag: HikariCP-2.5.0),[maven-release-plugin] prepare release HikariCP-2.5.0
5ae23339,9/7/16 11:43,63, (tag: HikariCP-2.4.8),[maven-release-plugin] prepare release HikariCP-2.4.8
7d3870dd,7/6/16 21:05,70, (tag: HikariCP-2.4.7),[maven-release-plugin] prepare release HikariCP-2.4.7
5dac7195,4/27/16 16:35,39, (tag: HikariCP-2.4.6),[maven-release-plugin] prepare release HikariCP-2.4.6
dca93992,3/19/16 12:33,17, (tag: HikariCP-2.4.5),[maven-release-plugin] prepare release HikariCP-2.4.5
0b485eb9,3/2/16 10:05,6, (tag: HikariCP-2.4.4),[maven-release-plugin] prepare release HikariCP-2.4.4
c1e69dcf,2/24/16 23:16,21, (tag: HikariCP-2.4.4-RC2),[maven-release-plugin] prepare release HikariCP-2.4.4-RC2
d2a348ae,2/3/16 23:45,1, (tag: HikariCP-2.4.4-RC1),[maven-release-plugin] prepare release HikariCP-2.4.4-RC1
390c5699,2/3/16 0:59,61, (tag: HikariCP-2.3.13),[maven-release-plugin] prepare release HikariCP-2.3.13
3fb29428,12/3/15 22:40,23, (tag: HikariCP-2.4.3),[maven-release-plugin] prepare release HikariCP-2.4.3
c6f06b2c,11/10/15 23:21,34, (tag: HikariCP-2.4.2),[maven-release-plugin] prepare release HikariCP-2.4.2
260ac29c,10/7/15 14:16,1, (tag: HikariCP-2.3.12),[maven-release-plugin] prepare release HikariCP-2.3.12
af5ba3ba,10/7/15 0:39,6, (tag: HikariCP-2.3.11),[maven-release-plugin] prepare release HikariCP-2.3.11
5ec76269,9/30/15 15:47,40, (tag: HikariCP-2.3.10),[maven-release-plugin] prepare release HikariCP-2.3.10
2ff51622,8/21/15 23:21,24, (tag: HikariCP-2.4.1),[maven-release-plugin] prepare release HikariCP-2.4.1
5adf46c1,7/28/15 13:37,18, (tag: HikariCP-2.4.0),[maven-release-plugin] prepare release HikariCP-2.4.0
26b343b4,7/10/15 10:13,40, (tag: HikariCP-2.3.9),[maven-release-plugin] prepare release HikariCP-2.3.9
5faf1e26,5/30/15 23:25,11, (tag: HikariCP-2.4.0-rc1),Prepare for 2.4.0 release candidate 1.
6ac180b9,5/19/15 23:06,28, (tag: HikariCP-2.3.8),[maven-release-plugin] prepare release HikariCP-2.3.8
91990500,4/22/15 9:54,15, (tag: HikariCP-2.3.7),[maven-release-plugin] prepare release HikariCP-2.3.7
9c6ac412,4/7/15 14:31,16, (tag: HikariCP-2.3.6),[maven-release-plugin] prepare release HikariCP-2.3.6
0cbe6de5,3/22/15 14:54,2, (tag: HikariCP-2.3.5),[maven-release-plugin] prepare release HikariCP-2.3.5
7f574415,3/20/15 12:33,17, (tag: HikariCP-2.3.4),[maven-release-plugin] prepare release HikariCP-2.3.4
b1fde2f9,3/3/15 13:10,32, (tag: HikariCP-2.3.3),[maven-release-plugin] prepare release HikariCP-2.3.3
97a82a6a,1/30/15 15:01,4, (tag: HikariCP-2.3.2),[maven-release-plugin] prepare release HikariCP-2.3.2
947a9ec1,1/26/15 22:31,6, (tag: HikariCP-2.3.1),[maven-release-plugin] prepare release HikariCP-2.3.1
fa1cff52,1/20/15 14:48,66, (tag: HikariCP-2.3.0),[maven-release-plugin] prepare release HikariCP-2.3.0
d5bf3e5f,11/15/14 13:12,9, (tag: HikariCP-2.2.5),[maven-release-plugin] prepare release HikariCP-2.2.5
64b1a827,11/6/14 9:36,0, (tag: HikariCP-2.2.4),[maven-release-plugin] prepare release HikariCP-2.2.4
d81e3356,11/5/14 23:08,0, (tag: HikariCP-2.2.3),[maven-release-plugin] prepare release HikariCP-2.2.3
23c52f46,11/5/14 14:12,0, (tag: HikariCP-2.2.2),[maven-release-plugin] prepare release HikariCP-2.2.2
e8b55507,11/5/14 13:06,1, (tag: HikariCP-2.2.1),[maven-release-plugin] prepare release HikariCP-2.2.1
5121a13e,11/4/14 14:59,27, (tag: HikariCP-2.2.0),[maven-release-plugin] prepare release HikariCP-2.2.0
fef19c25,10/8/14 12:36,70, (tag: HikariCP-2.1.0),[maven-release-plugin] prepare release HikariCP-2.1.0
d3070249,7/30/14 11:58,1, (tag: HikariCP-2.0.1),[maven-release-plugin] prepare release HikariCP-2.0.1
376cf697,7/29/14 13:10,46, (tag: HikariCP-2.0.0),[maven-release-plugin] prepare release HikariCP-2.0.0
cfd066e4,6/13/14 18:06,3, (tag: HikariCP-1.4.0),[maven-release-plugin] prepare release HikariCP-1.4.0
f875f383,6/10/14 9:25,43, (tag: HikariCP-1.3.9),[maven-release-plugin] prepare release HikariCP-1.3.9
eab1468c,4/28/14 11:35,1, (tag: HikariCP-1.3.8),[maven-release-plugin] prepare release HikariCP-1.3.8
702710d2,4/26/14 23:48,6, (tag: HikariCP-1.3.7),[maven-release-plugin] prepare release HikariCP-1.3.7
6494eb90,4/21/14 9:34,22, (tag: HikariCP-1.3.6),[maven-release-plugin] prepare release HikariCP-1.3.6
c7cc5731,3/30/14 10:50,4, (tag: HikariCP-1.3.5),[maven-release-plugin] prepare release HikariCP-1.3.5
c0f7be3a,3/26/14 21:25,15, (tag: HikariCP-1.3.4),[maven-release-plugin] prepare release HikariCP-1.3.4
ed99f747,3/11/14 10:12,6, (tag: HikariCP-1.3.3),[maven-release-plugin] prepare release HikariCP-1.3.3
ebaf063d,3/5/14 15:49,0, (tag: HikariCP-1.3.2),[maven-release-plugin] prepare release HikariCP-1.3.2
d82e1adc,3/5/14 15:19,15, (tag: HikariCP-1.3.1),[maven-release-plugin] prepare release HikariCP-1.3.1
601aaac9,2/18/14 19:27,8, (tag: HikariCP-1.3.0),[maven-release-plugin] prepare release HikariCP-1.3.0
8c46b63b,2/10/14 13:05,19, (tag: HikariCP-1.2.9),[maven-release-plugin] prepare release HikariCP-1.2.9
5693262b,1/22/14 23:25,0, (tag: HikariCP-1.2.8),[maven-release-plugin] prepare release HikariCP-1.2.8
17cd583a,1/22/14 12:07,7, (tag: HikariCP-1.2.7),[maven-release-plugin] prepare release HikariCP-1.2.7
4ef0d2a7,1/15/14 9:47,0, (tag: HikariCP-1.2.6),[maven-release-plugin] prepare release HikariCP-1.2.6
244dd8a2,1/14/14 22:18,5, (tag: HikariCP-1.2.5),[maven-release-plugin] prepare release HikariCP-1.2.5
23c8c8ce,1/9/14 10:24,1, (tag: HikariCP-1.2.4),[maven-release-plugin] prepare release HikariCP-1.2.4
b5614ed6,1/7/14 23:13,2, (tag: HikariCP-1.2.3),[maven-release-plugin] prepare release HikariCP-1.2.3
6eecb65f,1/5/14 21:28,30, (tag: HikariCP-1.2.2),[maven-release-plugin] prepare release HikariCP-1.2.2
17957fde,12/6/13 11:55,1, (tag: HikariCP-1.2.1),[maven-release-plugin] prepare release HikariCP-1.2.1
5290d9ec,12/5/13 23:22,3, (tag: HikariCP-1.1.9),[maven-release-plugin] prepare release HikariCP-1.1.9
db41b5e9,12/2/13 23:24,19, (tag: HikariCP-1.1.8),[maven-release-plugin] prepare release HikariCP-1.1.8
cfcb020f,11/13/13 21:17,1, (tag: HikariCP-1.1.7),[maven-release-plugin] prepare release HikariCP-1.1.7
78a9e8eb,11/12/13 13:58,0, (tag: HikariCP-1.1.6),[maven-release-plugin] prepare release HikariCP-1.1.6
fe251df2,11/12/13 9:27,4, (tag: HikariCP-1.1.5),[maven-release-plugin] prepare release HikariCP-1.1.5
de886b30,11/8/13 13:02,4, (tag: HikariCP-1.1.4),[maven-release-plugin] prepare release HikariCP-1.1.4
b180a60e,11/5/13 0:15,4, (tag: HikariCP-1.1.3),[maven-release-plugin] prepare release HikariCP-1.1.3
a267e0c6,10/31/13 23:02,0, (tag: HikariCP-1.1.2),[maven-release-plugin] prepare release HikariCP-1.1.2
043d3d98,10/31/13 22:36,, (tag: HikariCP-1.1.1),[maven-release-plugin] prepare release HikariCP-1.1.1
,,,,
,average:,19,,