commit,timestamp,between_releases,tag,message
2cac9b8,9/1/18 14:10,148," (tag: v1.3.11.1, origin/release-1.3, origin/master, origin/develop, origin/HEAD, master)",Fix release version
be886d1,4/6/18 18:32,74, (tag: v1.3.11),Fix inverted condition
e7e6e1e,1/22/18 18:57,38, (tag: v1.3.10.2),Branding BTrace 1.3.10.2
9d624d7,12/15/17 17:43,24, (tag: v1.3.10.1),Branding for 1.3.10.1
6371c98,11/21/17 20:52,314, (tag: v1.3.10),Simplify the shutdown mechanism. Fixes #281
f6b10d7,1/11/17 17:11,107, (tag: v1.3.9),fix DEB dependencies for newer repos
e525636,9/26/16 17:57,5, (tag: v1.3.8.3-1),Merge master to release-1.3
b75e07a,9/21/16 16:49,0," (tag: v1.3.8.3, tag: v1.3.8.2)",preparing release v1.3.8.2
e131e29,9/21/16 16:24,43, (tag: release-1.3.8.2-base),several micro-optimizations on the instrumentation critical path (#246)
485b664,8/9/16 12:31,4, (tag: v1.3.8.1),Fixes #238: Classes with multiple intersecting interfaces are confusing the stackmap frame generator
7e4576f,8/5/16 13:59,0, (tag: v1.3.8),manual merge
4439b38,8/5/16 13:53,87, (tag: 1.3.8),preparing release 1.3.8
7501a42,5/10/16 9:39,15, (tag: v1.3.7),update README.md
84d67b8,4/24/16 21:56,0, (tag: v1.3.6),preparing for release 1.3.6
b6599a7,4/24/16 21:29,21, (tag: 1.3.6-base),Fixes #219: Allow bundling the default agent arguments in the attached jar files
8d59efe,4/3/16 11:09,16, (tag: orcl-base),Fixes #212: Bring consistency to handling @Self and @TargetInstance annotated parameters for static methods and fields
cddc8e1,3/18/16 14:34,117, (tag: v1.3.5),updating readme
07f1a7c,11/22/15 22:00,15, (tag: rep_base),Fixes #185: Improve the handling of an array instance in Kind.ARRAY_SET and Kind.ARRAY_GET
e1f3250,11/7/15 19:52,87, (tag: v1.3.4),updating to v1.3.4
3de8800,8/12/15 22:55,18, (tag: v1.3.3),update version number to 1.3.3
73be890,7/25/15 22:48,30, (tag: v1.3.2),setting up 1.3.2 version
11c002c,6/25/15 18:44,30, (tag: v1.3.1),Fixes #132 - Add a rudimentary templating support for the scriptOutputFile argument
5f0c8d6,5/26/15 15:54,9, (tag: v1.3.0.1),Update README.md
360c708,5/17/15 19:01,317, (tag: v1.3),adjusting the POM SCM links for the GitHub
caf8f5d,7/4/14 20:17,4, (tag: release-1.2.5.1),updating the revision number
aae7077,6/30/14 12:17,335, (tag: release-1.2.5),BTRACE-55: Including features from java.lang.management.OperatingSystemMXBean
dc9faca,7/30/13 22:17,22, (tag: release-1.2.4),BTRACE-95: JavacTask may not return failure even though errors are present Contributed-by: Pavel Nejedly
8507de7,7/8/13 12:40,425, (tag: release-1.2.3),backing out a0d3f4257e8d
5132b9d,5/9/12 15:08,204, (tag: release-1.2.2),updating build for 1.2.2
6152993,10/18/11 12:23,414, (tag: release-1.2.1),#BTRACE-77: Check for inner classes is too aggressive; may prevent using namespaced utility classes (BTraceUtils.<Inner Class>)
d6e8473,8/30/10 13:40,5, (tag: release-1.1.4),"backporting of fixes for #BTRACE-51, #BTRACE-53"
f01c980,8/25/10 17:56,26, (tag: release-1.2-candidate),fixing junit tests
6d522d8,7/30/10 14:48,161, (tag: release-1-1-3),ThreadEnteredMap is no more generified
b34ae38,2/19/10 13:37,44, (tag: release-1-1-2),Added tag release-1-1-2 for changeset 61b8d50b18ff
6179c17,1/6/10 14:08,0, (tag: realease-1-1),updating tests to reflect the update license headers
44d9888,1/6/10 11:34,26, (tag: release-1-1),manual merge
e34e46e,12/11/09 8:19,2, (tag: help),Added tag release-1-1-pre for changeset 9874d5a183a5
8fc1e12,12/9/09 16:47,36, (tag: release-1-1-pre),New parameter annotations - refactorings
48d5275,11/3/09 9:38,94, (tag: release-1-0-5),bumping version number to 1.0.5
7afdb2d,8/1/09 19:40,0, (tag: release-1-0-3),Removed tag release-1.0.3
b054429,8/1/09 19:40,12, (tag: release-1.0.3),ver. 1.0.3
6ae0bed,7/20/09 9:59,13, (tag: release-1.0.2),put dist folder to .hgignore
b402305,7/7/09 11:15,42, (tag: release-1-0-1),bumping revision and changing maven.repo.local to point to a non-tracked build folder
a16b85d,5/26/09 13:43,, (tag: release-1-0),updating download link updating download link
,,,,
,average:,79,,