commit,timestamp,between_releases,tag,message
9b2d3d1a,6/1/14 1:44,17, (tag: 1.7.9-R0.2),Updated version to 1.7.9-R0.2 in pom.xml for Beta.
21c8713c,5/14/14 22:40,92, (tag: 1.7.9-R0.1),Updated version to 1.7.9-R0.1 in pom.xml for Beta.
f2b4a4c3,2/12/14 1:33,53, (tag: 1.7.2-R0.3),Updated version to 1.7.2-R0.3 in pom.xml for Beta.
53c63144,12/21/13 2:51,3, (tag: 1.7.2-R0.2),Updated version to 1.7.2-R0.2 in pom.xml for Beta.
e68a717a,12/18/13 0:23,48, (tag: 1.7.2-R0.1),Updated version to 1.7.2-R0.1 in pom.xml for Beta.
03f18475,10/30/13 19:22,7, (tag: 1.6.4-R2.0),Updated version to 1.6.4-R2.0 in pom.xml for RB.
d92d26a3,10/24/13 1:50,43, (tag: 1.6.4-R1.0),Updated version to 1.6.4-R1.0 in pom.xml for RB.
d0d5d515,9/10/13 22:37,38, (tag: 1.6.2-R1.0),Updated version to 1.6.2-R1.0 in pom.xml for RB.
42c4978d,8/3/13 21:50,50, (tag: 1.6.2-R0.1),Updated version to 1.6.2-R0.1 in pom.xml for Beta.
3d935f2b,6/14/13 21:52,42, (tag: 1.5.2-R1.0),Updated version to 1.5.2-R1.0 in pom.xml for RB.
840d5a97,5/3/13 17:42,21, (tag: 1.5.2-R0.1),Updated version to 1.5.2-R0.1 in pom.xml for BETA.
01aabbb0,4/13/13 2:47,9, (tag: 1.5.1-R0.2),Updated version to 1.5.1-R0.2 in pom.xml for BETA.
f706d574,4/3/13 22:39,63, (tag: 1.5.1-R0.1),Updated version to 1.5.1-R0.1 in pom.xml for BETA.
91f59245,1/30/13 23:32,14, (tag: 1.4.7-R1.0),Updated version to 1.4.7-R1.0 in pom.xml for RB.
76d0a670,1/17/13 5:15,17, (tag: 1.4.7-R0.1),Updated version to 1.4.7-R0.1 in pom.xml for Beta.
a725f738,12/31/12 1:00,1, (tag: 1.4.6-R0.3),Updated version to 1.4.6-R0.3 in pom.xml for Beta.
438e2dfd,12/29/12 22:19,8, (tag: 1.4.6-R0.2),Updated version to 1.4.6-R0.2 in pom.xml for Beta.
adf09016,12/22/12 1:12,3, (tag: 1.4.6-R0.1),Updated version to 1.4.6-R0.1 in pom.xml for Beta.
8189f9e0,12/19/12 6:07,28, (tag: 1.4.5-R1.0),Updated version to 1.4.5-R1.0 in pom.xml for RB.
d09e7cc6,11/20/12 20:06,2, (tag: 1.4.5-R0.2),Updated version to 1.4.5-R0.2 in pom.xml for Beta.
bc856644,11/18/12 22:39,16, (tag: 1.4.5-R0.1),Updated version to 1.4.5-R0.1 in pom.xml for Beta.
a329871d,11/3/12 0:50,2, (tag: 1.4.2-R0.2),Updated version to 1.4.2-R0.2 in pom.xml for Beta.
cbe6ec1b,10/31/12 15:59,4, (tag: 1.4.2-R0.1),Updated version to 1.4.2-R0.1 in pom.xml for Beta.
6dfeff05,10/27/12 21:10,11, (tag: 1.3.2-R3.0),Updated version to 1.3.2-R3.0 in pom.xml for RB.
88f3722e,10/17/12 7:30,19, (tag: 1.3.2-R2.0),Updated version to 1.3.2-R2.0 in pom.xml for RB.
5218c952,9/28/12 16:25,2, (tag: 1.3.2-R1.0),Updated version to 1.3.2-R1.0 in pom.xml for RB.
f35e8279,9/26/12 19:16,33, (tag: 1.3.2-R0.2),Updated version to 1.3.2-R0.2 in pom.xml for Beta.
2b68ccd6,8/25/12 0:57,6, (tag: 1.3.2-R0.1),Updated version to 1.3.2-R0.1 in pom.xml for Beta.
5c335274,8/19/12 8:47,12, (tag: 1.3.1-R2.0),Updated version to 1.3.1-R2.0 in pom.xml for RB.
233222bc,8/7/12 3:10,10, (tag: 1.3.1-R1.0),Updated version to 1.3.1-R1.0 in pom.xml for RB
87b38c05,7/28/12 1:49,48, (tag: 1.2.5-R5.0),Updated version to 1.2.5-R5.0 in pom.xml for RB.
e236d995,6/9/12 21:04,15, (tag: 1.2.5-R4.0),Updated version to 1.2.5-R4.0 in pom.xml for RB.
ed71c68a,5/26/12 0:25,8, (tag: 1.2.5-R3.0),Updated version to 1.2.5-R3.0 in pom.xml for RB.
056a3840,5/17/12 23:05,17, (tag: 1.2.5-R2.0),Updated version to 1.2.5-R2.0 in pom.xml for RB.
f58d7e55,4/30/12 19:36,6, (tag: 1.2.5-R1.3),Updated version to 1.2.5-R1.3 in pom.xml for Beta.
a463f456,4/24/12 23:40,21, (tag: 1.2.5-R1.2),Updated version to 1.2.5-R1.2 in pom.xml for Beta.
3694f15c,4/4/12 10:00,1, (tag: 1.2.5-R1.0),Updated version to 1.2.5-R1.0 in pom.xml for RB.
397077cb,4/3/12 5:42,5, (tag: 1.2.5-R0.1),Update version to 1.2.5-R0.1 in pom.xml for beta.
8239b745,3/28/12 20:27,18, (tag: 1.2.4-R1.0),Updated version to 1.2.4-R1.0 for release.
1bbb1396,3/11/12 3:55,7, (tag: 1.2.3-R0.2),Updated version to 1.2.3-R0.2 in pom.xml for beta.
1317a37e,3/4/12 3:02,3, (tag: 1.2.3-R0.1),Updated version to 1.2.3-R0.1 in pom.xml for beta.
c22145a7,3/1/12 13:52,0, (tag: 1.1-R6),Updated version to 1.1-R6 for RB.
060defb5,3/1/12 10:54,17, (tag: 1.1-R5),Updated version to 1.1-R5 for RB
7a0d4cbd,2/13/12 11:31,14, (tag: 1.1-R4),Updated version to 1.1-R4 in pom.xml for RB.
775c47d1,1/30/12 3:22,1, (tag: 1.1-R3),Updated version to 1.1-R3 in pom.xml for RB.
d315c39e,1/29/12 13:22,4, (tag: 1.1-R2),Updated version to 1.1-R2 in pom.xml for RB.
0a0fee8b,1/25/12 4:11,44, (tag: 1.1-R1),Fixed plugin loader. Thanks Wolvereness!
7079ed30,12/12/11 14:41,60, (tag: 1.0.1-R1),Updated version to 1.0.1-R1 in pom.xml for RB.
a7508b78,10/13/11 18:27,3, (tag: 1.8.1-R4),"Revert Added the ability to register commands dynamically."""""
5300d1b2,10/11/11 2:22,7, (tag: 1.8.1-R3),Added new entity.get/setTicksLived for identifying an entity's age
b1451f58,10/3/11 15:15,12, (tag: 1.8.1-R2),"Revert Added callback line of sight methods. Thanks xZise!"""""
5480237d,9/21/11 22:16,37, (tag: 1.8.1-R1),Added FoodLevelChange event.
79ac053e,8/15/11 14:26,29, (tag: 1.7.3-R3),"Revert Interface for changing the view distance."""""
914da8e8,7/17/11 17:17,17, (tag: 1.7.3-R2),Added new permission system
35574b86,6/30/11 14:43,4, (tag: 1.7.2-R1),Added reasons for entities regaining health.
58faa98d,6/26/11 17:41,16, (tag: 1.6.6-R3),Added a Perlin and Simplex noise generator for utils
c5fc81a4,6/11/11 0:26,15, (tag: 1.6.6-R2),Added ItemSpawnEvent. Thanks myers!
6a23a912,5/26/11 13:45,4, (tag: 1.6.6-R1),Added new Materials
127e1adc,5/22/11 22:18,7, (tag: 1.5_02-R5),Added check and catch for errors during cancelTasks and unregister of services during plugin disable
764ef1c2,5/16/11 0:41,8, (tag: 1.5_02-R4),Fixed command aliases priorities.
2406a449,5/8/11 2:57,10, (tag: 1.5_02-R3),Added dispenser event.
22e7e7af,4/27/11 23:48,2, (tag: 1.5_02-R2),Fixed formatting and removed tabs.
b0e81bcc,4/25/11 19:46,10, (tag: 1.5_02-R1),"Added a lot of events relating to weather, including those for entities. Thanks wizjany!"
a7724a51,4/16/11 3:08,5, (tag: 1.4-R3),Added pre-login event for catching logins right after name verification has completed. This happens in a different thread from the server (and thus can also block).
c4a1e261,4/11/11 11:48,4, (tag: 1.4-R2),Fixin' the problem of AFK people not in bed.
ef5d72ec,4/7/11 11:26,107, (tag: 1.4-R1),Added bed events and methods.
4e8311a6,12/21/10 15:32,, (tag: 0.0.0),Let's get this project started
,,,,
,average:,19,,