commit,timestamp,between_releases,tag,message
86713b7,10/15/18 16:12,90, (tag: 1.4.3),Release version 1.4.3
c036db2,7/17/18 20:24,111, (tag: 1.4.2),Release version 1.4.2
d58ef85,3/28/18 20:07,70, (tag: 1.4.1),Release version 1.4.1
59fd619,1/17/18 9:39,37, (tag: 1.4),Release version 1.4
9c6aa2f,12/10/17 23:55,138," (tag: 1.3.4_skil-1.0.0, origin/skil)",Release version 1.3.4_skil-1.0.0
e5c332f,7/25/17 17:20,136, (tag: 1.3.3),Release version 1.3.3
bafcdf1,3/11/17 8:32,76, (tag: 1.3.2),Release version 1.3.2
b41028b,12/24/16 23:22,17, (tag: 1.3.1),Release version 1.3.1
89acc4f,12/7/16 12:30,8, (tag: 1.3),Release version 1.3
e3d56b2,11/29/16 16:55,1, (tag: 1.2.7),Release version 1.2.7
389b2fb,11/28/16 22:11,15, (tag: 1.2.6),Release version 1.2.6
3c1fc9b,11/13/16 16:32,58, (tag: 1.2.5),Release version 1.2.5
02f99b0,9/16/16 10:05,46, (tag: 1.2.4),Release version 1.2.4
6a673a2,8/1/16 10:13,24, (tag: 1.2.3),Release version 1.2.3
8ce96d9,7/8/16 13:00,43, (tag: 1.2.2),Release version 1.2.2
5149f6b,5/26/16 13:07,10, (tag: 1.2.1),Release version 1.2.1
1d971f0,5/16/16 1:56,203, (tag: 1.2),Release version 1.2
36115fa,10/25/15 23:48,106, (tag: 1.1),Release version 1.1
9541931,7/11/15 23:26,98, (tag: 1.0),Release version 1.0
e5e08b9,4/5/15 0:53,102, (tag: 0.11),Release version 0.11
6212a1b,12/24/14 0:00,149, (tag: 0.10),Release version 0.10
c823f25,7/28/14 4:41,90, (tag: 0.9),Release version 0.9
5e0ed47,4/28/14 20:44,112, (tag: 0.8),Release version 0.8
1104907,1/6/14 21:59,113, (tag: 0.7),"Released version 0.7  * Tweaked a few things to support RoboVM and target iOS, but `JNI_OnLoad()` does not appear to get called...  * Upgraded references of the Android NDK to version r9c  * Improved the C++ support of the `Parser` for templates and overloaded operators"
55b2a62,9/15/13 21:24,161, (tag: 0.6),Released version 0.6  * Added new very preliminary `Parser` to produce Java interface files almost automatically from C/C++ header files; please refer to the new JavaCPP Presets subproject for details
1a5e78a,4/7/13 19:43,35, (tag: 0.5),Released version 0.5
2883207,3/3/13 19:52,119, (tag: 0.4),"Released version 0.4 * Fixed potential problem with methods of `FunctionPointer` annotated with `@Cast(const..."")` * Upgraded references of the Android NDK to version r8d"""
994d451,11/4/12 20:43,106, (tag: 0.3),Released version 0.3
a360dc0,7/21/12 19:40,56, (tag: 0.2),Released version 0.2
96cf838,5/26/12 21:01,, (tag: 0.1)," * Started using version numbers, friendly to tools like Maven, and placing packages in a sort of [Maven repository http://maven2.javacpp.googlecode.com/git/] (issue #10)  * All files now get extracted into a temporary subdirectory, and with the appropriate platform-dependent linker options, or with libraries patched up after the fact with tools such as `install_name_tool` of Mac OS X, most native dynamic linkers can load dependent libraries from there  * Changed the default value of the `@Index` annotation from 0 to 1, and fixed the `Generator` when it is used with member getters and setters  * Renamed `mingw-*.properties` to `windows-*-mingw.properties` for consistency  * Made the `Generator` allocate native heap memory for callback arguments passed `@ByVal` (in addition to `FunctionPointer`), rendering their behavior consistent with return `@ByVal` in the case of function calls (issue #16)  * `Generator` now uses `std::runtime_error(std::string&)` instead of assuming that some nonstandard `std::exception(std::string&)` constructor exists (issue #17)  * Fixed `Generator` producing incorrect code when applying invalid annotations such as `@ByVal` on a method that returns something else than a `Pointer` object (issue #18)"
,,,,
,average:,80,,