commit,timestamp,between_releases,tag,message
76b8cd47,10/22/18 20:58,1, (tag: v2.9.5.3),remove material fonts once and for all
0794d4ad,10/21/18 10:23,0, (tag: v2.10.5),bump
4b7a5871,10/21/18 0:59,0, (tag: v2.9.5),bump
d8db78c4,10/20/18 19:52,4, (tag: v2.9.4.4),refactor
987ebf5e,10/17/18 0:47,3, (tag: v2.9.4),Merge remote-tracking branch 'chrisrm/master'
2a9c635f,10/14/18 7:45,2, (tag: v2.10.3),forgot to add setting check
1497ba0f,10/12/18 11:15,5, (tag: v2.9.3),update changelog
c09705d8,10/7/18 10:02,1, (tag: v2.10.2.1),fix menu bar border and active tab
58b472ae,10/6/18 15:47,1, (tag: v2.10.2),changelog
cd7df560,10/5/18 21:30,2, (tag: 2.9.2),bump
6ce05519,10/3/18 21:20,1, (tag: 2.9.1),bump
231e9137,10/2/18 12:20,1, (tag: 2.10.0),bump
47bcd52b,10/1/18 22:07,18, (tag: 2.9.0),add readme for fonts
eb61b7f3,9/13/18 12:17,9, (tag: v2.9.0-pre1),bump
42466513,9/4/18 10:09,15, (tag: v2.8.3),bump
792d37d8,8/20/18 14:58,3, (tag: v2.8.2),Merge remote-tracking branch 'chrisrm/master'
dcd1309e,8/17/18 23:31,3, (tag: v2.8.1),bump
43b7764b,8/15/18 0:20,11, (tag: v2.8.0),bump
df047268,8/3/18 23:02,2, (tag: v2.7.1),paint the shadow!
7580dcb4,8/2/18 7:58,3," (tag: v2.4.1.4-2018.1, origin/2018.1)",fix error
687c9509,7/30/18 8:46,3, (tag: 2.4.1.3-2018.1),retrocompatibility fix
34bb7662,7/27/18 15:08,14, (tag: v2.7.0),bump
caf8a16d,7/13/18 22:22,2, (tag: v2.6.1),fix atom one light color scheme
dec2c1c9,7/12/18 2:06,0, (tag: v2.6.0.1),error 1
ad739ce0,7/12/18 0:48,9, (tag: v2.6.0),bump
87bdc768,7/2/18 23:22,8, (tag: v2.5.0),bump
8b838668,6/24/18 20:09,8, (tag: v2.4.2-2018.2),fix ugly tomcat
0b104824,6/16/18 23:13,0, (tag: v2.4.1.1-2018.1),cherrypicking 2018.2
a0a3e835,6/16/18 23:03,0, (tag: v2.4.1.1-2018.2),bump
3045c526,6/16/18 18:07,1, (tag: v2.4.1-2018.1),bump
0e7da616,6/15/18 19:45,2, (tag: v2.4.1-2018.2),add mtCustomTheme help
ad10d1a7,6/13/18 15:13,0, (tag: v2.4.0.4-2018.2),bump
96cd8e97,6/13/18 10:47,3, (tag: v2.4.0.4-2018.1),fix fatal error in old ides + add multicaret icons
19f5e128,6/10/18 11:05,1, (tag: v2.4.0.3-2018.2),bump
f992c177,6/9/18 11:57,0, (tag: v2.4.0.1-2018.2),"operator mono, fira mono and menlo first"
c4c80c23,6/9/18 11:27,1, (tag: v2.4.0.1-2018.1),remove annoying jackson
61bba2ba,6/8/18 23:01,0, (tag: v2.4.0-2018.2),fix fonts
375f4f71,6/8/18 19:33,9, (tag: v2.4.0),fix for rider
1de61047,5/30/18 9:54,1," (tag: v2.3.3, tag: 183)",bump
dd0c5f95,5/29/18 21:07,1, (tag: v2.3.2),update
f1b80c7c,5/29/18 0:12,3, (tag: v2.3.1),2.3.1 alpha
2965275a,5/26/18 11:01,11, (tag: v2.3.0),bump
7c9cec99,5/15/18 0:02,5, (tag: v2.2.3),bump
0eceaf70,5/9/18 23:14,4, (tag: v2.2.2),bump
b3b2a7e4,5/5/18 17:36,10, (tag: v2.2.1),remove reset settings button and add abstract theme test
ead1a519,4/25/18 22:01,7, (tag: v2.2.0),changelog and bump
8e52b31a,4/18/18 18:44,1, (tag: v2.1.7),markdown
87c9729a,4/17/18 22:31,19, (tag: v2.1.6),bumpd
25b5aafc,3/29/18 23:20,5, (tag: v2.1.5),bump
7f2c1391,3/24/18 21:03,3, (tag: 2.1.4),transparentize gray 128
e24153d4,3/22/18 0:48,4, (tag: v2.1.0),bump
15a6c27d,3/18/18 1:19,23, (tag: v2.0.0b1),bump
a2e16d80,2/23/18 0:22,10, (tag: v1.8.2),update readme
74575ca7,2/13/18 0:24,6," (tag: v1.8.1, tag: 1.8.1)",bunp
a1e30fb1,2/6/18 23:57,1, (tag: v1.8.0.3),bump
59a1bf7a,2/5/18 22:29,2, (tag: v1.8.0b),bump
231a2856,2/3/18 16:39,11, (tag: v1.6.1),bump
53b4e897,1/23/18 9:05,2, (tag: v1.7.0.3),bump
3ff68b07,1/21/18 15:40,1, (tag: v1.7.0.2),fix error with createResolvedStyle (https://github.com/ChrisRM/material-theme-jetbrains/issues/436)
e65ea9a3,1/20/18 23:39,0, (tag: 1.7.0.1),fix error
423fd16c,1/20/18 22:24,1, (tag: 1.7.0),bump
8782f18a,1/20/18 1:09,0, (tag: 1.6.0.3),limit version
becce7fb,1/19/18 14:14,2, (tag: v1.6.0.2),cleanup resources
4bb4cdff,1/18/18 0:12,10, (tag: v1.6.0),bump
bdd36990,1/7/18 22:36,5, (tag: 1.5.3),update readme and remove zip
6f37d3c3,1/3/18 0:30,2, (tag: v1.5.2),better color cycle
6d765a21,12/31/17 22:04,4, (tag: v1.5.1),bump
47c7e0cb,12/27/17 23:19,8, (tag: v1.5.0b),bump
903b0756,12/20/17 9:09,0, (tag: v1.4.5),more icons
4.28E+29,12/19/17 23:22,1, (tag: v1.4.4),bumping
1a0a25b3,12/18/17 22:42,4, (tag: v1.4.3),bump
f19165c2,12/14/17 17:32,5, (tag: v1.4.1),fix https://github.com/ChrisRM/material-theme-jetbrains/issues/493
18ac922e,12/9/17 12:43,2, (tag: v1.4.0.1),fix file color statuses
1056ce1d,12/7/17 18:32,1, (tag: v1.4.0),wonder why it didnt work
72dbf6a8,12/6/17 22:29,7, (tag: v1.3.9),new release
e0fc7e5b,11/29/17 22:45,1, (tag: v1.3.8),icons
845aff27,11/28/17 23:29,0, (tag: v1.3.7),fix issue with android
4f8b7160,11/28/17 16:37,0, (tag: v1.3.6),bump
3c6ff772,11/28/17 12:09,2, (tag: v1.3.5),fix search everywhere bug
bee5905e,11/26/17 10:08,6, (tag: v1.3.4),fix comboboxaction styles
a276f720,11/20/17 21:22,0, (tag: v1.3.3),bump
9228d31a,11/20/17 14:30,1, (tag: v1.3.2),fix bug in text
810d93ba,11/19/17 18:36,0, (tag: v1.3.1),fix(Associations): try-catch xml reading
383f774c,11/19/17 14:34,8, (tag: v1.3.0),another try
5500bc67,11/11/17 13:58,6, (tag: v1.3.0-b1),bump
f1b1071a,11/5/17 9:22,11, (tag: v1.2.0),bump version
0b0f81fa,10/25/17 9:30,6, (tag: v1.1.2),bump
0728c82f,10/18/17 22:24,4, (tag: v1.1.0),bumping
3ccd2bbb,10/15/17 1:19,3, (tag: travis),"ok i dont know what the heck is that, need to investigate"
2c325a5a,10/12/17 11:47,5, (tag: v1.0.2),bump
a54ec67e,10/7/17 18:10,6, (tag: v1.0.1),fix last errors
b8bd5407,10/1/17 16:05,3, (tag: v1.0),release
888eae4a,9/28/17 12:43,3, (tag: v0.12.0.3),bump
d012ff8d,9/26/17 0:19,7, (tag: v0.12.0),bump
2da49df2,9/18/17 12:48,0, (tag: v0.11.0),bump
4a35bb60,9/18/17 12:36,0, (tag: v0.10.6.2),bump
7b4cbc1d,9/18/17 9:43,1, (tag: v0.10.6),fix unknown status + Set directories color from NOT CHANGED FILE STATUS
a57ba811,9/17/17 19:03,11, (tag: v0.10.5),BUMP
eb6c1744,9/6/17 15:35,3, (tag: v0.10.3),better monokai theme and one darj
42058c23,9/3/17 7:47,0, (tag: v0.10.2.3),reset button
d765f4e9,9/3/17 0:41,0, (tag: v0.10.2.2),fix tab title by using own name util (beta)
4a89081f,9/2/17 17:19,1, (tag: v0.10.2),fix npe
b2baa855,9/1/17 16:20,2, (tag: v0.10.1),fix dark theme fix accents not being set on material disabled
4bfc3743,8/30/17 21:05,0, (tag: v0.9.4-rc),build
7f3968f9,8/30/17 18:40,1, (tag: v0.9.4),bump
43f468db,8/29/17 13:19,1, (tag: v0.9.3.3),bump
8ca89edf,8/28/17 22:43,2, (tag: v0.9.3.1),more ui icons and bump
3b065a8d,8/26/17 17:55,5, (tag: v0.9.3),restore build gradle version
9903829f,8/21/17 18:21,3, (tag: v0.9.2),fix issue with file colors and PSI Icons
73f82775,8/19/17 2:26,6, (tag: v0.9.1),fix tab title with latest api
566e3c02,8/12/17 22:47,2, (tag: v0.9.0),update readmi
6ecd7bf0,8/10/17 13:02,4, (tag: v0.8.1),fix search results
3c808947,8/6/17 19:23,1, (tag: v0.8.2),bump
d4f78603,8/5/17 19:50,5, (tag: v0.8.0),ui icons
a1e66432,7/31/17 23:08,0, (tag: v0.7.3.1),change icon
d124ef49,7/31/17 18:23,2, (tag: v0.7.3),bump
79fd6403,7/29/17 20:03,1, (tag: 0.7.2),bump
293a6065,7/28/17 18:19,1, (tag: 0.7.1),bump
0f4d8445,7/27/17 18:36,1, (tag: 0.7.0.3),fix: phpstorm and pycharm based plugins
f627220a,7/26/17 23:40,2, (tag: 0.7.0.2),php support
788221a4,7/24/17 23:02,0," (tag: v0.7.0.1-eap, tag: 0.7.0.1)",readme
16d867df,7/24/17 22:47,4, (tag: v0.7.0-eap),bump
36eb8c09,7/20/17 19:15,3, (tag: v0.6.0.1-eap),php icons
123fb212,7/17/17 19:41,1, (tag: v0.6.0.1),build
456214a7,7/17/17 0:12,4, (tag: v0.6.0),bump
dcd816da,7/13/17 0:33,2, (tag: v0.5.3.5),bumper
ef015779,7/10/17 21:13,1, (tag: v0.5.3.4),Merge branch 'master' into master2
54cacd1c,7/10/17 0:08,0, (tag: v0.5.3.1),update changelog
48cd49ac,7/10/17 0:01,1, (tag: v0.5.3),new build
7b5a94a1,7/8/17 23:55,1, (tag: v0.5.2),better doc colors
768eb528,7/8/17 0:31,6, (tag: v0.5.1),bumnp
c41bfec6,7/2/17 9:21,15, (tag: v0.5.0.5),changelog
635a6ca0,6/17/17 1:26,0, (tag: v0.4.4.1),reduce saturation
47aa9391,6/17/17 1:17,0, (tag: v0.4.4),bump
c211b2e1,6/16/17 23:24,4, (tag: v0.5.0),bump
c6808710,6/12/17 17:40,3, (tag: v0.4.3.2),bump
41bf2f12,6/10/17 1:12,1, (tag: v0.4.1),bump
1b31d5c8,6/9/17 2:10,1, (tag: v0.4.3),bump
c641db92,6/8/17 0:04,0, (tag: v0.4.0),Merge branch 'master' into master2
62283a7c,6/7/17 23:46,1, (tag: v0.4.2.1),working on associations
d9cb8b22,6/7/17 0:06,1, (tag: v0.4.2),working on associations
bda077aa,6/6/17 0:05,2, (tag: v0.4.1.2),update README and change name
518d3e90,6/4/17 11:40,0, (tag: v0.4.0b2),remove bookmark icons
a8836ff5,6/4/17 8:40,8, (tag: v0.4.0.b1),Merge remote-tracking branch 'origin/master'
9679387a,5/27/17 1:44,1, (tag: v0.3.8.1),bump
0e621767,5/26/17 0:42,0, (tag: v0.3.8),remove list background and fix issue with static fields (again)
677badbc,5/25/17 22:27,5, (tag: v0.3.0.1),Fix changelog
dc41ec4c,5/20/17 17:32,7, (tag: v0.3.7),bump
fd30388c,5/13/17 19:20,5, (tag: v0.3.6),"apply styles for texts, menus and selections"
d185a073,5/9/17 0:04,0, (tag: v0.3.5.5),fix: for some reason rubymine still uses uncompiled classes
6e74a6ac,5/8/17 18:45,8, (tag: v0.3.5),finally fix the issue with Gray 85
9658dd21,4/30/17 9:30,5, (tag: v0.3.4.3),new close?
3b8ddefb,4/25/17 0:39,0, (tag: v0.3.4.2),configurable buttons
0f558dee,4/24/17 20:56,2, (tag: 0.3.4.1),bump
142d5b4a,4/22/17 14:08,8, (tag: v0.3.4),update readme and changelog
b8164126,4/14/17 8:56,1, (tag: v0.3.3.2),bump
8a76db2c,4/13/17 20:24,1, (tag: p),work on buttons
f05f1ebb,4/12/17 18:00,3, (tag: v0.3.3.1),bump
0b54089a,4/9/17 18:51,15, (tag: v0.3.3),non java crap
d9c2e2ac,3/25/17 17:54,4," (tag: v0.3.2, tag: 0.3.2)",bump version
2402baf8,3/21/17 21:18,0, (tag: v0.2.3.2),version bump
5f9a2952,3/21/17 21:07,0, (tag: v0.2.3.1),version bump
14c4e315,3/21/17 19:55,1, (tag: 0.2.3),Merge pull request #317 from DotNetPart/master
eee56d7f,3/20/17 22:33,51, (tag: 0.3.1),new icons
3129c600,1/28/17 19:51,5, (tag: 0.3.0),new icons
ab893479,1/23/17 18:19,0, (tag: 2.4.1),2.4.1
67dc592e,1/23/17 17:47,45, (tag: sd),changelog
e13dd6ac,12/9/16 15:56,19, (tag: k),fix separator color
1a9c379f,11/20/16 12:52,196, (tag: v0.2.2),"New release. Closes #269, closes #267, closes #264, closes #263, should fix #262, closes #258, closes #245, fixes #220, closes #242"
dd7268e6,5/8/16 2:20,24, (tag: v0.1.9),"New release, fixes issues with the darker and lighter theme"
e5968f1e,4/13/16 21:59,165, (tag: v0.1.8),Update build
7cb39c6b,10/31/15 16:05,21, (tag: v0.1.7),Updated build
53bf389a,10/10/15 14:21,1, (tag: v0.1.5),New build
f96e66a8,10/9/15 14:00,5, (tag: v0.1.4),Bytecode version set to 1.6
6bc35a97,10/4/15 23:09,, (tag: v0.1.3),"Beta-release. Closes #1, #2, #6, #7, #8, #9"
,,,,
,average:,6,,