commit,timestamp,between_releases,tag,message
998d5acc,4/7/15 12:10,6, (tag: 1.0.1),"gets total number of threads from system so QA and Sphinx4 servers can run with jetty, also added curl to dependency list"
fca34dc4,4/1/15 2:06,34, (tag: sirius-suite-1.1),"adding all data into suite, now travis does suite and app, small fixes"
b890fc63,2/25/15 20:44,6, (tag: sirius-application-1.0),rm readme
68d0a12b,2/19/15 23:34,, (tag: sirius-suite-1.0),Merge branch 'master' of github.com:jhauswald/sirius
,,,,
,average:,15,,