commit,timestamp,between_releases,tag,message
e276b11,7/30/17 15:29,43, (tag: WebMagic-0.7.3),vesion 0.7.3
1b6394b,6/17/17 16:10,13, (tag: WebMagic-0.7.2),version 0.7.2
1e9187f,6/4/17 7:52,6, (tag: WebMagic-0.7.1),version 0.7.1
17d8bfa,5/29/17 9:36,9, (tag: WebMagic-0.7.0),docs and pgp version
e8abc28,5/20/17 11:44,119, (tag: WebMagic-0.7.0.alpha),#552 add some log when crawler stop
aaccc93,1/21/17 12:04,33, (tag: webmagic-parent-0.6.1),new version
7f0d79c,12/19/16 9:38,1, (tag: webmagic-parent-0.6.0),readme
9bdb48b,12/18/16 11:20,0, (tag: WebMagic-0.6.0),version 0.6.0
eeb607f,12/18/16 11:04,332, (tag: 0.6.0),将Spider.processRequest()抛出异常改回原来的逻辑
ce5495e,1/21/16 19:31,596, (tag: webmagic-0.5.3),remove useless files
db0195b,6/4/14 17:35,33, (tag: WebMagic-0.5.2),update version in docs
470750f,5/2/14 23:59,5, (tag: WebMagic-0.5.1),[maven-release-plugin] prepare release WebMagic-0.5.1
7ff83bb,4/27/14 12:52,45, (tag: WebMagic-0.5.0),[maven-release-plugin] prepare release WebMagic-0.5.0
63ffb5c,3/13/14 7:49,99, (tag: webmaigc-0.4.3),[maven-release-plugin] prepare release webmaigc-0.4.3
e8c32a3,12/3/13 23:34,5, (tag: webmagic-0.4.2),[maven-release-plugin] prepare release webmagic-0.4.2
ae62356,11/28/13 13:04,17, (tag: webmagic-0.4.1),[maven-release-plugin] prepare release webmagic-0.4.1
fdb9441,11/11/13 14:33,49, (tag: webmagic-0.4.0),[maven-release-plugin] prepare release webmagic-0.4.0
cc3b787,9/23/13 13:12,15, (tag: webmagic-0.3.2),[maven-release-plugin] prepare release webmagic-0.3.2
bfaaa04,9/8/13 22:24,4, (tag: webmagic-parent-0.3.1),[maven-release-plugin] prepare release webmagic-parent-0.3.1
77ff252,9/4/13 10:50,14, (tag: webmagic-0.3.0),[maven-release-plugin] prepare release webmagic-0.3.0
9dc6b11,8/20/13 23:37,9, (tag: webmagic-parent-0.2.1),[maven-release-plugin] prepare release webmagic-parent-0.2.1
781c80d,8/11/13 18:53,17, (tag: version-0.2.0),add new constructor to redisscheduler
57a00da,7/25/13 13:48,, (tag: version-0.1.0),add results
,,,,
,average:,67,,