commit,timestamp,between_releases,tag,message
3eff266d,10/19/18 20:22,1, (tag: v5.0.1-rc1),"Set Confluent to 5.0.1, Kafka to 2.0.1-cp1."
3ad66cda,10/18/18 20:14,8, (tag: v5.0.1-beta181018200736),"Set Confluent to 5.0.1-beta181018200736, Kafka to 2.0.1-beta181018200736."
2e41f98f,10/11/18 2:48,2, (tag: v6.0.0-beta181011024526),"Set Confluent to 6.0.0-beta181011024526, Kafka to 2.2.0-beta181011024526."
8629830,10/9/18 7:14,, (tag: v6.0.0-beta181009071136),"Set Confluent to 6.0.0-beta181009071136, Kafka to 2.2.0-beta181009071136."
3dc305d3,10/9/18 7:14,, (tag: v6.0.0-beta181009071126),"Set Confluent to 6.0.0-beta181009071126, Kafka to 2.2.0-beta181009071126."
6ff267c5,10/9/18 7:11,, (tag: v6.0.0-beta181009070836),"Set Confluent to 6.0.0-beta181009070836, Kafka to 2.2.0-beta181009070836."
0482a97c,10/8/18 23:39,10, (tag: v5.0.1-beta181008233543),"Set Confluent to 5.0.1-beta181008233543, Kafka to 2.0.1-beta181008233543."
03640b42,9/29/18 2:48,1, (tag: v5.1.0-beta180929024526),"Set Confluent to 5.1.0-beta180929024526, Kafka to 2.1.0-beta180929024526."
3f3c650e,9/28/18 0:11,8, (tag: v5.1.0-beta180928000756),"Set Confluent to 5.1.0-beta180928000756, Kafka to 2.1.0-beta180928000756."
fea19474,9/19/18 18:39,2, (tag: v5.1.0-beta180919183606),"Set Confluent to 5.1.0-beta180919183606, Kafka to 2.1.0-beta180919183606."
489967f4,9/17/18 17:30,4, (tag: v5.1.0-beta180917172706),"Set Confluent to 5.1.0-beta180917172706, Kafka to 2.1.0-beta180917172706."
b00f53b7,9/14/18 2:48,1, (tag: v5.0.1-beta180914024526),"Set Confluent to 5.0.1-beta180914024526, Kafka to 2.0.1-beta180914024526."
9bbe1878,9/13/18 0:34,, (tag: v5.0.1-beta180913003126),"Set Confluent to 5.0.1-beta180913003126, Kafka to 2.0.1-beta180913003126."
66400414,9/12/18 20:26,1, (tag: v5.1.0-beta180912202326),"Set Confluent to 5.1.0-beta180912202326, Kafka to 2.1.0-beta180912202326."
e99f2b37,9/11/18 21:35,, (tag: v5.1.0-beta180911213206),"Set Confluent to 5.1.0-beta180911213206, Kafka to 2.1.0-beta180911213206."
de45cdbe,9/11/18 21:35,3, (tag: v5.0.1-beta180911213156),"Set Confluent to 5.0.1-beta180911213156, Kafka to 2.0.1-beta180911213156."
03f9e1f9,9/9/18 0:07,, (tag: v5.0.1-beta180909000436),"Set Confluent to 5.0.1-beta180909000436, Kafka to 2.0.1-beta180909000436."
bb642407,9/9/18 0:04,4, (tag: v5.0.1-beta180909000146),"Set Confluent to 5.0.1-beta180909000146, Kafka to 2.0.1-beta180909000146."
b73c29ca,9/5/18 5:46,, (tag: v5.0.1-beta180905054336),"Set Confluent to 5.0.1-beta180905054336, Kafka to 2.0.1-beta180905054336."
9cabae0b,9/5/18 5:45,2, (tag: v5.1.0-beta180905054157),"Set Confluent to 5.1.0-beta180905054157, Kafka to 2.1.0-beta180905054157."
88ce2957,9/2/18 21:04,3, (tag: v5.0.1-beta180902210116),"Set Confluent to 5.0.1-beta180902210116, Kafka to 2.0.1-beta180902210116."
e6ca9599,8/30/18 18:30,2, (tag: v5.0.1-beta180830182727),"Set Confluent to 5.0.1-beta180830182727, Kafka to 2.0.1-beta180830182727."
aea5df6f,8/29/18 2:48,, (tag: v5.1.0-beta180829024526),"Set Confluent to 5.1.0-beta180829024526, Kafka to 2.1.0-beta180829024526."
82196fd7,8/28/18 17:38,, (tag: v4.1.3-beta180828173526),"Set Confluent to 4.1.3-beta180828173526, Kafka to 1.1.2-beta180828173526."
ce867a44,8/28/18 17:38,, (tag: v5.1.0-beta180828173516),"Set Confluent to 5.1.0-beta180828173516, Kafka to 2.1.0-beta180828173516."
23fe2169,8/28/18 17:37,1, (tag: v5.0.1-beta180828173436),"Set Confluent to 5.0.1-beta180828173436, Kafka to 2.0.1-beta180828173436."
3d323025,8/28/18 2:32,1, (tag: v5.1.0-beta180828022857),"Set Confluent to 5.1.0-beta180828022857, Kafka to 2.1.0-beta180828022857."
757cd396,8/26/18 19:07,2, (tag: v5.0.1-beta180826190446),"Set Confluent to 5.0.1-beta180826190446, Kafka to 2.0.1-beta180826190446."
386fefcf,8/24/18 21:49,, (tag: v5.0.1-beta180824214627),"Set Confluent to 5.0.1-beta180824214627, Kafka to 2.0.1-beta180824214627."
67f70958,8/24/18 21:48,4, (tag: v5.1.0-beta180824214446),"Set Confluent to 5.1.0-beta180824214446, Kafka to 2.1.0-beta180824214446."
0e15eb58,8/20/18 22:34,6, (tag: v5.1.0-beta180820223106),"Set Confluent to 5.1.0-beta180820223106, Kafka to 2.1.0-beta180820223106."
2c724225,8/14/18 19:29,2, (tag: v4.1.3-beta180814192459),"Set Confluent to 4.1.3-beta180814192459, Kafka to 1.1.2-beta180814192459."
7aa9c8c1,8/12/18 23:35,, (tag: v5.0.1-beta180812233236),"Set Confluent to 5.0.1-beta180812233236, Kafka to 2.0.1-beta180812233236."
b9c4cd4c,8/12/18 23:33,10, (tag: v5.1.0-beta180812233046),"Set Confluent to 5.1.0-beta180812233046, Kafka to 2.1.0-beta180812233046."
837b3aef,8/3/18 0:02,3, (tag: v5.0.1-beta180802235906),"Set Confluent to 5.0.1-beta180802235906, Kafka to 2.0.1-beta180802235906."
3261d8d4,7/30/18 19:00,, (tag: v5.1.0-beta180730185716),"Set Confluent to 5.1.0-beta180730185716, Kafka to 2.1.0-beta180730185716."
4463aab8,7/30/18 18:36,2, (tag: v5.0.0-beta180730183336),"Set Confluent to 5.0.0-beta180730183336, Kafka to 2.0.0-beta180730183336."
47f29cc9,7/28/18 22:01,3," (tag: v5.0.0-rc4, tag: v5.0.0)","Set Confluent to 5.0.0, Kafka to 2.0.0-cp1."
c32eee96,7/26/18 0:36,2, (tag: v5.0.0-beta180726003306),"Set Confluent to 5.0.0-beta180726003306, Kafka to 2.0.0-beta180726003306."
9d907c25,7/24/18 2:49,, (tag: v5.1.0-beta180724024536),"Set Confluent to 5.1.0-beta180724024536, Kafka to 2.1.0-beta180724024536."
66a8235d,7/23/18 19:56,, (tag: v5.0.0-beta180723195256),"Set Confluent to 5.0.0-beta180723195256, Kafka to 2.0.0-beta180723195256."
592b89a1,7/23/18 17:39,, (tag: v5.1.0-beta180723173636),"Set Confluent to 5.1.0-beta180723173636, Kafka to 2.1.0-beta180723173636."
4fff88c2,7/23/18 16:30,1, (tag: v5.0.0-rc3),"Set Confluent to 5.0.0, Kafka to 2.0.0-cpNone."
e139418b,7/23/18 2:37,, (tag: v5.1.0-beta180723023347),"Set Confluent to 5.1.0-beta180723023347, Kafka to 2.1.0-beta180723023347."
ede8a85e,7/22/18 21:54,, (tag: v5.1.0-beta180722215127),"Set Confluent to 5.1.0-beta180722215127, Kafka to 2.1.0-beta180722215127."
928fefa8,7/22/18 21:52,4, (tag: v5.0.0-beta180722214927),"Set Confluent to 5.0.0-beta180722214927, Kafka to 2.0.0-beta180722214927."
348c91ef,7/19/18 4:45,," (tag: v4.1.2-rc1, tag: v4.1.2)","Set Confluent to 4.1.2, Kafka to 1.1.1-cp1."
8d57bcfd,7/19/18 1:41,, (tag: v5.0.0-rc1),"Set Confluent to 5.0.0, Kafka to 2.0.0-cp1."
49d30ec6,7/19/18 0:09,, (tag: v4.1.2-beta180719000536),"Set Confluent to 4.1.2-beta180719000536, Kafka to 1.1.1-beta180719000536."
e4d12bbb,7/18/18 20:39,, (tag: v5.0.0-beta180718203558),"Set Confluent to 5.0.0-beta180718203558, Kafka to 2.0.0-beta180718203558."
3ce23c9d,7/18/18 20:39,12, (tag: v5.1.0-beta180718203536),"Set Confluent to 5.1.0-beta180718203536, Kafka to 2.1.0-beta180718203536."
b2c0adef,7/7/18 7:26,, (tag: v5.0.0-beta180707072142),"Set Confluent to 5.0.0-beta180707072142, Kafka to 2.0.0-beta180707072142."
7d17ad91,7/7/18 0:54,, (tag: v5.0.0-beta180707005130),"Set Confluent to 5.0.0-beta180707005130, Kafka to 2.0.0-beta180707005130."
c5114f50,7/7/18 0:52,, (tag: v5.1.0-beta180707004950),"Set Confluent to 5.1.0-beta180707004950, Kafka to 2.1.0-beta180707004950."
57b2bcea,7/6/18 20:32,, (tag: v5.0.0-beta180706202823),"Set Confluent to 5.0.0-beta180706202823, Kafka to 2.0.0-beta180706202823."
844e78bd,7/6/18 20:30,4, (tag: v5.1.0-beta180706202701),"Set Confluent to 5.1.0-beta180706202701, Kafka to 2.1.0-beta180706202701."
3232c883,7/3/18 2:48,, (tag: v5.1.0-beta180703024529),"Set Confluent to 5.1.0-beta180703024529, Kafka to 2.1.0-beta180703024529."
e837be58,7/2/18 22:27,, (tag: v5.0.0-beta180702222458),"Set Confluent to 5.0.0-beta180702222458, Kafka to 2.0.0-beta180702222458."
cfa4d362,7/2/18 22:04,, (tag: v5.1.0-beta180702220040),"Set Confluent to 5.1.0-beta180702220040, Kafka to 2.1.0-beta180702220040."
ee3854de,7/2/18 21:46,, (tag: v5.1.0-beta180702214311),"Set Confluent to 5.1.0-beta180702214311, Kafka to 2.1.0-beta180702214311."
3cf39539,7/2/18 18:54,1, (tag: v5.0.0-beta180702185100),"Set Confluent to 5.0.0-beta180702185100, Kafka to 2.0.0-beta180702185100."
ec2e0974,7/2/18 6:38,, (tag: v5.1.0-beta180702063440),"Set Confluent to 5.1.0-beta180702063440, Kafka to 2.1.0-beta180702063440."
3613f470,7/2/18 6:34,, (tag: v5.1.0-beta180702063039),"Set Confluent to 5.1.0-beta180702063039, Kafka to 2.1.0-beta180702063039."
585b31a0,7/1/18 20:56,, (tag: v5.0.0-beta180701205239),"Set Confluent to 5.0.0-beta180701205239, Kafka to 2.0.0-beta180701205239."
a3f5b0fe,7/1/18 18:03,, (tag: v5.0.0-beta180701175910),"Set Confluent to 5.0.0-beta180701175910, Kafka to 2.0.0-beta180701175910."
5782755e,7/1/18 18:01,1, (tag: v5.1.0-beta180701175749),"Set Confluent to 5.1.0-beta180701175749, Kafka to 2.1.0-beta180701175749."
daf91eb1,7/1/18 5:41,, (tag: v5.0.0-beta180701053749),"Set Confluent to 5.0.0-beta180701053749, Kafka to 2.0.0-beta180701053749."
fb218409,7/1/18 1:06,, (tag: v5.0.0-beta180701010229),"Set Confluent to 5.0.0-beta180701010229, Kafka to 2.0.0-beta180701010229."
d562f936,7/1/18 1:04,, (tag: v5.1.0-beta180701010040),"Set Confluent to 5.1.0-beta180701010040, Kafka to 2.1.0-beta180701010040."
ed56d281,6/30/18 22:49,, (tag: v5.0.0-beta180630224559),"Set Confluent to 5.0.0-beta180630224559, Kafka to 2.0.0-beta180630224559."
13cab11d,6/30/18 22:48,2, (tag: v5.1.0-beta180630224439),"Set Confluent to 5.1.0-beta180630224439, Kafka to 2.1.0-beta180630224439."
a36303bb,6/29/18 5:43,, (tag: v5.0.0-beta180629053850),"Set Confluent to 5.0.0-beta180629053850, Kafka to 2.0.0-beta180629053850."
639d6471,6/28/18 22:19,, (tag: v5.0.0-beta180628221539),"Set Confluent to 5.0.0-beta180628221539, Kafka to 2.0.0-beta180628221539."
9adfab19,6/28/18 18:52,, (tag: v5.1.0-beta180628184841),"Set Confluent to 5.1.0-beta180628184841, Kafka to 2.1.0-beta180628184841."
4d88ee7b,6/28/18 18:50,1, (tag: v5.0.0-beta180628184550),"Set Confluent to 5.0.0-beta180628184550, Kafka to 2.0.0-beta180628184550."
38cb2b0c,6/28/18 6:49,, (tag: v5.1.0-beta180628064520),"Set Confluent to 5.1.0-beta180628064520, Kafka to 2.1.0-beta180628064520."
ec1b02e5,6/27/18 20:40,, (tag: v5.0.0-beta180627203620),"Set Confluent to 5.0.0-beta180627203620, Kafka to 2.0.0-beta180627203620."
1fe0137c,6/27/18 20:39,2, (tag: v5.1.0-beta180627203509),"Set Confluent to 5.1.0-beta180627203509, Kafka to 2.1.0-beta180627203509."
d8a10ee2,6/26/18 1:56,, (tag: v5.0.0-beta180626015140),"Set Confluent to 5.0.0-beta180626015140, Kafka to 2.0.0-beta180626015140."
530d43fe,6/26/18 1:54,3, (tag: v5.1.0-beta180626014959),"Set Confluent to 5.1.0-beta180626014959, Kafka to 2.1.0-beta180626014959."
a869d0c2,6/22/18 22:57,, (tag: v5.0.0-beta180622225242),"Set Confluent to 5.0.0-beta180622225242, Kafka to 2.0.0-beta180622225242."
0d3e05ac,6/22/18 18:19,2, (tag: v5.1.0-beta180622181348),"Set Confluent to 5.1.0-beta180622181348, Kafka to 2.1.0-beta180622181348."
a2dd4ad9,6/20/18 18:40,, (tag: v5.1.0-beta180620183559),"Set Confluent to 5.1.0-beta180620183559, Kafka to 2.1.0-beta180620183559."
d7aa6ac3,6/20/18 18:11,, (tag: v5.1.0-beta180620180739),"Set Confluent to 5.1.0-beta180620180739, Kafka to 2.1.0-beta180620180739."
3a2d3058,6/20/18 18:08,1, (tag: v5.1.0-beta180620180431),"Set Confluent to 5.1.0-beta180620180431, Kafka to 2.1.0-beta180620180431."
24eaf2c1,6/20/18 0:54,, (tag: v5.1.0-beta201806200051),"Set Confluent to 5.1.0-beta201806200051, Kafka to 2.1.0-beta201806200051."
4ce0511a,6/19/18 20:00,1, (tag: v5.1.0-beta201806191956),"Set Confluent to 5.1.0-beta201806191956, Kafka to 2.1.0-beta201806191956."
2f63b92b,6/19/18 2:55,, (tag: v5.1.0-beta180619025141),"Set Confluent to 5.1.0-beta180619025141, Kafka to 2.1.0-beta180619025141."
4ebf7714,6/18/18 22:54,, (tag: v5.1.0-beta180618225004),"Set Confluent to 5.1.0-beta180618225004, Kafka to 2.1.0-beta180618225004."
8b2bb67c,6/18/18 22:37,, (tag: v5.1.0-beta180618223247),"Set Confluent to 5.1.0-beta180618223247, Kafka to 2.1.0-beta180618223247."
8d11ba58,6/18/18 21:51,, (tag: v5.1.0-beta180618214711),"Set Confluent to 5.1.0-beta180618214711, Kafka to 2.1.0-beta180618214711."
7b49f229,6/18/18 19:21,4, (tag: v5.1.0-beta180618191747),"Set Confluent to 5.1.0-beta180618191747, Kafka to 2.1.0-beta180618191747."
8628399e,6/15/18 0:58,, (tag: v5.1.0-beta180615005408),"Set Confluent to 5.1.0-beta180615005408, Kafka to 2.1.0-beta180615005408."
0928da92,6/14/18 23:35,2, (tag: v5.1.0-beta180614233101),"Set Confluent to 5.1.0-beta180614233101, Kafka to 2.1.0-beta180614233101."
62a01255,6/13/18 1:35,, (tag: v5.1.0-beta180613013021),"Set Confluent to 5.1.0-beta180613013021, Kafka to 2.1.0-beta180613013021."
15d71d57,6/12/18 22:44,1, (tag: v5.1.0-beta180612224009),"Set Confluent to 5.1.0-beta180612224009, Kafka to 2.1.0-beta180612224009."
3be2be67,6/12/18 4:40,, (tag: v5.1.0-beta180612043613),"Set Confluent to 5.1.0-beta180612043613, Kafka to 2.1.0-beta180612043613."
551d8316,6/12/18 2:55,, (tag: v5.1.0-beta39),"Set Confluent to 5.1.0-beta39, Kafka to 2.1.0-beta39."
e9f30a9f,6/11/18 23:16,1, (tag: v5.1.0-beta180611231144),"Set Confluent to 5.1.0-beta180611231144, Kafka to 2.1.0-beta180611231144."
999e63cf,6/11/18 2:56,1, (tag: v5.1.0-beta38),"Set Confluent to 5.1.0-beta38, Kafka to 2.1.0-beta38."
96d07027,6/10/18 2:55,1, (tag: v5.1.0-beta37),"Set Confluent to 5.1.0-beta37, Kafka to 2.1.0-beta37."
c52ca137,6/9/18 2:54,1, (tag: v5.1.0-beta36),"Set Confluent to 5.1.0-beta36, Kafka to 2.1.0-beta36."
2127359d,6/8/18 2:57,1, (tag: v5.1.0-beta35),"Set Confluent to 5.1.0-beta35, Kafka to 2.1.0-beta35."
1e6ca7f3,6/7/18 2:55,1, (tag: v5.1.0-beta34),"Set Confluent to 5.1.0-beta34, Kafka to 2.1.0-beta34."
25dd0021,6/6/18 2:56,1, (tag: v5.0.0-beta33),"Set Confluent to 5.0.0-beta33, Kafka to 2.0.0-beta33."
c82e7e5b,6/5/18 2:55,1, (tag: v5.0.0-beta32),"Set Confluent to 5.0.0-beta32, Kafka to 2.0.0-beta32."
5f444f62,6/4/18 2:56,, (tag: v5.0.0-beta31),"Set Confluent to 5.0.0-beta31, Kafka to 2.0.0-beta31."
69809e3a,6/3/18 21:04,1, (tag: v5.0.0-beta30),"Set Confluent to 5.0.0-beta30, Kafka to 2.0.0-beta30."
b09067cc,6/3/18 2:55,1, (tag: v5.0.0-beta29),"Set Confluent to 5.0.0-beta29, Kafka to 2.0.0-beta29."
e508ecf8,6/2/18 7:48,, (tag: v5.0.0-beta28),"Set Confluent to 5.0.0-beta28, Kafka to 2.0.0-beta28."
5c3ae164,6/2/18 2:56,, (tag: v5.0.0-beta27),"Set Confluent to 5.0.0-beta27, Kafka to 2.0.0-beta27."
e1e87007,6/2/18 2:14,, (tag: v5.0.0-beta26),"Set Confluent to 5.0.0-beta26, Kafka to 2.0.0-beta26."
ab9d0b53,6/2/18 1:11,, (tag: v5.0.0-beta25),"Set Confluent to 5.0.0-beta25, Kafka to 2.0.0-beta25."
1ec3365f,6/2/18 0:07,, (tag: v5.0.0-beta24),"Set Confluent to 5.0.0-beta24, Kafka to 2.0.0-beta24."
e592d586,6/1/18 22:42,1, (tag: v5.0.0-beta23),"Set Confluent to 5.0.0-beta23, Kafka to 2.0.0-beta23."
551a6225,6/1/18 2:54,1, (tag: v5.0.0-beta22),"Set Confluent to 5.0.0-beta22, Kafka to 2.0.0-beta22."
d171ee8d,5/31/18 2:56,1, (tag: v5.0.0-beta21),"Set Confluent to 5.0.0-beta21, Kafka to 2.0.0-beta21."
9e8a476e,5/30/18 2:56,1, (tag: v5.0.0-beta20),"Set Confluent to 5.0.0-beta20, Kafka to 2.0.0-beta20."
4c7f915d,5/29/18 2:55,1, (tag: v5.0.0-beta19),"Set Confluent to 5.0.0-beta19, Kafka to 2.0.0-beta19."
aecbde1c,5/28/18 2:56,1, (tag: v5.0.0-beta18),"Set Confluent to 5.0.0-beta18, Kafka to 2.0.0-beta18."
0a15dca8,5/27/18 2:54,, (tag: v5.0.0-beta17),"Set Confluent to 5.0.0-beta17, Kafka to 2.0.0-beta17."
2ebdc767,5/26/18 18:28,1, (tag: v5.0.0-beta16),"Set Confluent to 5.0.0-beta16, Kafka to 2.0.0-beta16."
33fa9f5f,5/25/18 23:41,, (tag: v5.0.0-beta14),"Set Confluent to 5.0.0-beta14, Kafka to 2.0.0-beta14."
4580ae76,5/25/18 20:53,1, (tag: v5.0.0-beta11),"Set Confluent to 5.0.0-beta11, Kafka to 2.0.0-beta11."
3e9022f8,5/24/18 23:18,, (tag: v5.0.0-beta12),"Set Confluent to 5.0.0-beta12, Kafka to 2.0.0-beta12."
cd157791,5/24/18 23:09,, (tag: v5.0.0-beta10),"Set Confluent to 5.0.0-beta10, Kafka to 2.0.0-beta10."
5be952a2,5/24/18 22:17,, (tag: v5.0.0-beta9),"Set Confluent to 5.0.0-beta9, Kafka to 2.0.0-beta9."
6f09dc8d,5/24/18 20:54,, (tag: v5.0.0-beta8),"Set Confluent to 5.0.0-beta8, Kafka to 2.0.0-beta8."
ca048721,5/24/18 17:59,, (tag: v5.0.0-beta7),"Set Confluent to 5.0.0-beta7, Kafka to 2.0.0-beta7."
e653485a,5/24/18 9:03,, (tag: v5.0.0-beta5),"Set Confluent to 5.0.0-beta5, Kafka to 2.0.0-beta5."
e9a4e900,5/24/18 9:02,, (tag: v5.0.0-beta3),"Set Confluent to 5.0.0-beta3, Kafka to 2.0.0-beta3."
61f4c515,5/24/18 9:02,, (tag: v5.0.0-beta2),"Set Confluent to 5.0.0-beta2, Kafka to 2.0.0-beta2."
925a7c7d,5/24/18 6:45,, (tag: v5.0.0-beta15),"Set Confluent to 5.0.0-beta15, Kafka to 2.0.0-beta15."
1a420dea,5/24/18 4:18,, (tag: v5.0.0-beta6),"Set Confluent to 5.0.0-beta6, Kafka to 2.0.0-beta6."
245480f1,5/24/18 1:35,15, (tag: v4.1.2-beta3),"Set Confluent to 4.1.2-beta3, Kafka to 1.1.1-beta3."
ec67bd87,5/9/18 12:26,5," (tag: v4.1.1-rc3, tag: v4.1.1)","Set Confluent to 4.1.1, Kafka to 1.1.1-cp1."
f10e93e5,5/4/18 12:52,4, (tag: v4.1.1-rc2),"Set Confluent to 4.1.1, Kafka to 1.1.1-cp1."
4c0d3ec0,4/30/18 17:39,, (tag: v4.1.1-rc1),"Set Confluent to 4.1.1, Kafka to 1.1.1-cp1."
d64f5590,4/30/18 15:12,14, (tag: v5.0.0-beta1),"Set Confluent to 5.0.0-beta1, Kafka to 2.0.0-beta1."
749605bd,4/16/18 16:06,12," (tag: v4.1.0-rc4, tag: v4.1.0)","Set Confluent to 4.1.0, Kafka to 1.1.0-cp1."
1292f2ee,4/4/18 17:36,2, (tag: v4.1.0-rc3),"Set Confluent to 4.1.0, Kafka to 1.1.0-cp1."
e517d8dd,4/3/18 1:02,6, (tag: v4.1.0-rc2),"Set Confluent to 4.1.0, Kafka to 1.1.0-cp1."
e39aa2d9,3/27/18 18:44,15, (tag: v4.1.0-rc1),"Set Confluent to 4.1.0, Kafka to 1.1.0-cp1."
56554ffb,3/12/18 13:04,5," (tag: v0.5, origin/0.5.x)",Drop UI from the docs
1f35fead,3/7/18 9:29,14, (tag: v0.5-rc1),extract ksql experimental ui (#863)
7ca41e45,2/21/18 16:01,21, (tag: v0.5-rc0),Update clickstream docs versions (#768)
c99d2ab6,1/31/18 16:00,," (tag: v0.4-rc1, tag: v0.4)",Update quickstart docs with new output for describe (#684)
c3fec547,1/31/18 13:31,15, (tag: v0.4-rc0),Update version compatibility matrix
7ce49428,1/16/18 15:02,11," (tag: v0.3, tag: 0.3)",KSQL-473: point quickstart non-docker docs to release tarballs (#601)
f0117cf2,1/5/18 11:13,16, (tag: v0.3-temp),Fix compilation issue group id '113584762' is too big in maven-assembly-plugin (#591)
ef15dac0,12/20/17 12:49,1, (tag: v0.3-rc3),The number of replicas for the command topic should be set by 'ksql.s… (#565)
c09fd7c7,12/19/17 9:19,1, (tag: v0.3-rc2),Clarify KEY property for TABLE
3aa863ef,12/18/17 13:13,, (tag: v0.3-rc1),Ksql 415 schema registry integration (#488)
b2b205c9,12/18/17 10:53,28, (tag: v0.3-rc0),Add ratings example to the docs (#535)
d07d84f3,11/20/17 12:45,5," (tag: v0.2-rc1, tag: v0.2)",Merge branch '0.1.x' into 4.0.x
feec28a0,11/15/17 10:04,82, (tag: v0.2-rc0),Fixed the regression bug for aggregates with no window. (#459)
8bf32f88,8/25/17 15:29,1, (tag: 0.1-pre10),Merge pull request #252 from bluemonk3y/KSQL-292
091f8eee,8/24/17 11:18,, (tag: 0.1-pre9),Remove packages
4af8d718,8/24/17 0:43,2, (tag: 0.1-pre8),use snapshot for build tools and licenses
9977dc92,8/22/17 9:49,1, (tag: 0.1-pre7),"Revert Revert ""Revert ""Bump master to 4.0.0-SNAPSHOT"""""""""
18a6170c,8/21/17 14:30,, (tag: 0.1-pre5),Merge remote-tracking branch 'origin/0.1.x'
34b588cd,8/21/17 14:30,, (tag: 0.1-pre6),add grafana and elasticsearch to examples image
59071edc,8/21/17 14:05,5, (tag: 0.1-pre4),Add clickstream demo to package
78b5aec8,8/16/17 12:25,1, (tag: 0.1-pre2),update jar and log paths
85d16789,8/15/17 10:21,, (tag: 0.1-pre1),Merge remote-tracking branch 'origin/master' into pom
,,,,
,average:,5,,