commit,timestamp,between_releases,tag,message,
29038a67,10/15/18 14:36,95," (tag: 1.4.0-beta3, origin/master)",Merge branch 'release/1.4.0-beta3',
45ad496f,7/12/18 15:21,97, (tag: 1.4.0-beta2),Merge branch 'release/1.4.0-beta2',
5e7cea21,4/6/18 16:54,, (tag: 1.4.0-beta1),Merge branch 'release/1.4.0-beta1',
5a23ee0b,4/6/18 16:29,, (tag: continuous),updated dependencies,
273f6907,4/3/18 10:41,5, (tag: 1.3.5),Merge branch 'hotfix/1.3.5',
558f4be9,3/29/18 13:25,122, (tag: 1.3.4),Merge branch 'hotfix/1.3.4',
355c1934,11/28/17 0:32,2, (tag: 1.3.3),Merge branch 'release/1.3.3',
0be97b30,11/25/17 17:27,144, (tag: 1.3.2),Merge branch 'release/1.3.2',
ff373b9a,7/4/17 15:41,3, (tag: 1.3.1),Merge branch 'release/1.3.1',
020f12a2,7/1/17 14:46,1, (tag: 1.3.0),Merge branch 'release/1.3.0',
0fa03e05,6/30/17 13:40,2, (tag: 1.3.0-rc9),Merge branch 'release/1.3.0-rc9',
509f132b,6/28/17 11:37,5, (tag: 1.3.0-rc8),Merge branch 'release/1.3.0-rc8',
6932fe4a,6/23/17 13:38,22, (tag: 1.2.5),preparing hotfix 1.2.5,
b6b660ec,6/2/17 0:15,6, (tag: 1.3.0-rc7),Merge branch 'release/1.3.0-rc7',
7b7684f0,5/26/17 16:15,14, (tag: 1.3.0-rc6),Merge branch 'release/1.3.0-rc6',
3d47b301,5/12/17 15:46,0, (tag: 1.3.0-rc5),Merge branch 'release/1.3.0-rc5',
ce17fff1,5/12/17 15:40,16, (tag: 1.3.0-rc4),Merge branch 'release/1.3.0-rc4',
5e35985a,4/26/17 17:21,1, (tag: 1.3.0-rc3),Merge branch 'release/1.3.0-rc3',
fbfe2b0a,4/25/17 15:37,5, (tag: 1.3.0-rc2),Merge branch 'release/1.3.0-rc2',
281cfb74,4/20/17 16:11,83, (tag: 1.3.0-rc1),Merge branch 'release/1.3.0-rc1',
0c0fb1c4,1/27/17 11:22,59, (tag: 1.2.4),Merge branch 'release/1.2.4',
cef3a5fc,11/29/16 23:03,17, (tag: 1.2.3),Merge branch 'release/1.2.3',
3db75719,11/12/16 17:02,2, (tag: 1.2.2),Merge branch 'hotfix/1.2.2',
2bc6fe89,11/10/16 15:23,52, (tag: 1.2.1),Merge branch 'release/1.2.1',
3e374a92,9/19/16 15:10,36, (tag: 1.2.0),Merge branch 'release/1.2.0',
56017183,8/14/16 15:12,34, (tag: 1.1.4),Merge branch 'release/1.1.4',
975ce4d9,7/11/16 21:16,2, (tag: 1.1.3),Merge branch 'release/1.1.3',
20e55edd,7/9/16 13:25,1, (tag: 1.1.2),Merge branch 'develop',
e0ce7ce2,7/8/16 11:59,44, (tag: 1.1.1),Merge branch 'release/1.1.1',
1dde5ff6,5/25/16 15:17,15, (tag: 1.1.0),release 1.1.0,
5f22bd57,5/10/16 14:55,7, (tag: 1.0.5),Increased version number to 1.0.5,
ad2c9116,5/3/16 16:50,11, (tag: 1.0.4),Release 1.0.4,
ac9fe289,4/22/16 10:55,8, (tag: 1.0.3d),Merge branch 'master' into patches-1.0.x Release 1.0.3d,
fef19fe6,4/14/16 22:39,5, (tag: 1.0.3c),Merge branch 'master' into patches-1.0.x,
1df6589d,4/10/16 2:36,15, (tag: 1.0.3b),"make sure, .tar.gz is built on travis",
f77ba908,3/25/16 16:43,4, (tag: 1.0.3),Patch 1.0.3,
0d57ebb2,3/21/16 16:44,6, (tag: 1.0.2),Patch 1.0.2,
77aaeabc,3/15/16 23:30,7, (tag: 1.0.1),Release 1.0.1,
d9ba4935,3/9/16 9:01,6, (tag: 1.0.0),restored compatibility with vaults created on the iOS app,
f9b988bf,3/3/16 17:56,122, (tag: 0.11.0),Beta 0.11.0,
1f0aea9d,11/2/15 14:16,4, (tag: 0.10.1),Version 0.10.1,
1e18a118,10/29/15 19:04,13, (tag: 0.10.0),release 0.10.0 - fixes #92 - fixes #84 - improves #76 - improves #66 (fewer WebDAV requests needed for file creation) - might solve a few problems of #68,
44475fa3,10/16/15 13:52,14, (tag: 0.9.0),Version 0.9.0,
095f60ec,10/2/15 17:36,57, (tag: 0.8.2),"Update 0.8.2 Fixes slow range requests on OS X, as WebDAVFS sometimes processes responses only after closing the connection, even though keep-alive"" is requested.""",
9ea9cb6e,8/6/15 22:42,2, (tag: 0.8.1),"Removed JVM flag for windows builds, as it may prevent the application from starting. This is a hotfix release for Windows only.",
301ba9cd,8/4/15 20:29,60, (tag: 0.8.0),Update .travis.yml,
85f3487c,6/5/15 15:17,6, (tag: 0.7.2),"fixes #64 by attempting to mount the more common localhost"""," which is more likely to be excluded from proxy autoconfiguration scripts."""
abf9920c,5/30/15 22:29,0, (tag: 0.7.1),its getting late...,
d43396bc,5/30/15 21:31,77, (tag: 0.7.0),updated version,
9024465d,3/14/15 22:09,3, (tag: 0.6.0),Beta 0.6.0,
d19ffc32,3/11/15 21:18,5, (tag: 0.5.3),improved windows WebDAV mounting,
1dd8a28a,3/6/15 14:56,11, (tag: 0.5.2),Merge remote-tracking branch 'origin/master' into 0.5.2,
63f64fae,2/23/15 14:51,1, (tag: 0.5.1),Fixed performance implications due to slow /dev/random. Now seeding PRNG only once per Cryptor. Fixes #36,
cba8bbef,2/22/15 22:18,40, (tag: 0.5.0),Beta Version 0.5.0,
b49eb82f,1/13/15 11:01,20, (tag: 0.4.0),- Beta Version 0.4.0,
3f32e4ee,12/24/14 14:10,14, (tag: 0.3.0),"- Fixed initial encryption of vaults, that already contain files - Disabled some UI controls during background tasks - Simplified background vs UI thread switches using https://github.com/totalvoidness/FXThreads",
cc15f2cd,12/11/14 0:35,11, (tag: 0.2.0),ignoring test output,
e823bc9f,11/30/14 0:12,, (tag: 0.1.0),Update README.md,
,,,,,
,average:,26,,,