commit,timestamp,between_releases,tag,message
318196f76,10/19/18 21:42,3, (tag: v4.1.0),[maven-release-plugin] prepare release v4.1.0
24cf59cb5,10/16/18 19:33,11, (tag: v4.0.2),[maven-release-plugin] prepare release v4.0.2
b79425df8,10/5/18 22:09,12, (tag: v4.0.1),[maven-release-plugin] prepare release v4.0.1
f1aefa425,9/23/18 13:39,118, (tag: v4.0.0),[maven-release-plugin] prepare release v4.0.0
56d66a87a,5/28/18 16:05,6, (tag: v3.0.2),[maven-release-plugin] prepare release v3.0.2
9b6b20f95,5/22/18 20:07,3, (tag: v3.0.1),[maven-release-plugin] prepare release v3.0.1
b7d556c3c,5/19/18 19:32,71, (tag: v3.0.0),[maven-release-plugin] prepare release v3.0.0
26bb35d43,3/9/18 20:15,86, (tag: v2.4.0),[maven-release-plugin] prepare release v2.4.0
ba66a9f48,12/14/17 1:01,3, (tag: v2.3.1),[maven-release-plugin] prepare release v2.3.1
6ccdc0916,12/10/17 21:07,6, (tag: v2.3.0),[maven-release-plugin] prepare release v2.3.0
eaed75360,12/4/17 23:37,37, (tag: v2.2.0),[maven-release-plugin] prepare release v2.2.0
e00f42bca,10/28/17 20:57,41, (tag: v2.1.0),[maven-release-plugin] prepare release v2.1.0
0151b10e7,9/17/17 9:43,19, (tag: v2.0.1),[maven-release-plugin] prepare release v2.0.1
49ff24ac3,8/29/17 19:23,351, (tag: v2.0.0),[maven-release-plugin] prepare release v2.0.0
a6113609b,9/12/16 23:00,418, (tag: v1.2.5),[maven-release-plugin] prepare release v1.2.5
51ddf0275,7/23/15 8:38,15, (tag: v1.2.4),[maven-release-plugin] prepare release v1.2.4
fafb78960,7/7/15 20:43,175, (tag: v1.2.3),[maven-release-plugin] prepare release v1.2.3
9ff9e322a,1/13/15 22:33,0, (tag: v1.2.2),[maven-release-plugin] prepare release v1.2.2
dc0549590,1/13/15 21:54,, (tag: v1.2.1),Upgrade plugins
eb6395f53,10/30/14 13:14,126, (tag: v1.2.0),[maven-release-plugin] prepare release v1.2.0
2fc245634,6/26/14 16:20,38, (tag: v1.1.8),[maven-release-plugin] prepare release v1.1.8
d9a8f5fff,5/19/14 12:13,56, (tag: v1.1.7),[maven-release-plugin] prepare release v1.1.7
2ea045eb2,3/24/14 12:03,191, (tag: v1.1.6),[maven-release-plugin] prepare release v1.1.6
4068400bf,9/14/13 9:48,34, (tag: v1.1.5),[maven-release-plugin] prepare release v1.1.5
35946d610,8/11/13 8:53,153, (tag: v1.1.4),[maven-release-plugin] prepare release v1.1.4
c927f821c,3/10/13 23:40,40, (tag: v1.1.3),[maven-release-plugin] prepare release v1.1.3
4dee7ee71,1/30/13 8:23,96, (tag: v1.1.2),[maven-release-plugin] prepare release v1.1.2
f9ad54890,10/25/12 21:24,1, (tag: v1.1.1),[maven-release-plugin] prepare release v1.1.1
17867163e,10/25/12 2:46,65, (tag: v1.1.0),[maven-release-plugin] prepare release v1.1.0
49584be06,8/20/12 16:06,0, (tag: v1.0.14),[maven-release-plugin] prepare release v1.0.14
66bb0eec6,8/20/12 14:56,1, (tag: v1.0.13),[maven-release-plugin] prepare release v1.0.13
b8c63c049,8/19/12 19:34,44, (tag: v1.0.12),[maven-release-plugin] prepare release v1.0.12
2ae23c15c,7/6/12 11:26,16, (tag: v1.0.11),[maven-release-plugin] prepare release v1.0.11
12ef1bc5d,6/20/12 16:35,12, (tag: v1.0.10),[maven-release-plugin] prepare release v1.0.10
c637142a5,6/8/12 15:33,22, (tag: v1.0.9),[maven-release-plugin] prepare release v1.0.9
226aa1c31,5/17/12 11:39,7, (tag: v1.0.8),[maven-release-plugin] prepare release v1.0.8
c6d9118b8,5/10/12 8:25,7, (tag: v1.0.7),[maven-release-plugin] prepare release v1.0.7
9d6b2a8f7,5/3/12 16:58,0, (tag: v1.0.6),[maven-release-plugin] prepare release v1.0.6
f08346700,5/3/12 15:38,10, (tag: v1.0.5),[maven-release-plugin] prepare release v1.0.5
30b7e798f,4/23/12 23:52,4, (tag: v1.0.4),[maven-release-plugin] prepare release v1.0.4
516a457c1,4/19/12 16:23,16, (tag: v1.0.3),[maven-release-plugin] prepare release v1.0.3
74133be56,4/3/12 21:32,5, (tag: v1.0.2),[maven-release-plugin] prepare release v1.0.2
bb2cad501,3/29/12 14:58,3, (tag: v1.0.1),[maven-release-plugin] prepare release v1.0.1
1675cc61e,3/27/12 0:36,4, (tag: v1.0.0),[maven-release-plugin] prepare release v1.0.0
b9613e922,3/22/12 17:57,2, (tag: v1.0.0.RC24),[maven-release-plugin] prepare release v1.0.0.RC24
b79b7639b,3/20/12 16:56,0, (tag: v1.0.0.RC23),[maven-release-plugin] prepare release v1.0.0.RC23
c029c3023,3/20/12 11:02,2, (tag: v1.0.0.RC22),[maven-release-plugin] prepare release v1.0.0.RC22
a57cf5219,3/18/12 10:32,18, (tag: v1.0.0.RC21),[maven-release-plugin] prepare release v1.0.0.RC21
07be4086f,2/29/12 18:06,0, (tag: v1.0.0.RC20),[maven-release-plugin] prepare release v1.0.0.RC20
5dec872bd,2/29/12 17:31,9, (tag: v1.0.0.RC19),[maven-release-plugin] prepare release v1.0.0.RC19
652ef9e1c,2/20/12 18:30,14, (tag: v1.0.0.RC16),[maven-release-plugin] prepare release v1.0.0.RC16
52cc2e659,2/7/12 1:09,1, (tag: v1.0.0.RC15),[maven-release-plugin] prepare release v1.0.0.RC15
3406144b4,2/6/12 0:36,11, (tag: v1.0.0.RC14),[maven-release-plugin] prepare release v1.0.0.RC14
125864e4a,1/26/12 8:23,3, (tag: v1.0.0.RC13),[maven-release-plugin] prepare release v1.0.0.RC13
69ddc9d9b,1/23/12 16:16,2, (tag: v1.0.0.RC12),[maven-release-plugin] prepare release v1.0.0.RC12
00b7dffd3,1/21/12 23:29,1, (tag: v1.0.0.RC11),[maven-release-plugin] prepare release v1.0.0.RC11
617932815,1/21/12 0:28,0, (tag: v1.0.0.RC10),[maven-release-plugin] prepare release v1.0.0.RC10
dbfc6b969,1/20/12 23:48,0, (tag: v1.0.0.RC9),[maven-release-plugin] prepare release v1.0.0.RC9
955251da6,1/20/12 23:28,1, (tag: v1.0.0.RC8),[maven-release-plugin] prepare release v1.0.0.RC8
54836e28c,1/19/12 22:51,2, (tag: v1.0.0.RC7),[maven-release-plugin] prepare release v1.0.0.RC7
aeebac847,1/17/12 14:38,1, (tag: v1.0.0.RC6),Release 1.0.0.RC6
f840e738f,1/16/12 7:57,, (tag: v1.0.0.RC4),Bump version
1411a9b40,1/14/12 23:54,42, (tag: v1.0.0-RC3),Need a developer to release in nexus
52089f2c6,12/4/11 11:41,, (tag: v1.0.0.RC1),[maven-release-plugin] prepare release v1.0.0.RC1
,,,,
,average:,40,,