commit,timestamp,between_releases,tag,message
46f57d9,3/20/18 19:48,0, (tag: 3.4.2),Updates for 3.4.2
770b35b,3/20/18 19:34,13, (tag: 3.3.11),Updates for 3.11
8.73E+32,3/7/18 9:56,0, (tag: 3.4.1),Set version to 3.4.1
457384a,3/7/18 6:52,8," (tag: 3.3.10, origin/v3.3)",Update for release 3.3.10.
a6cea9d,2/27/18 8:39,5, (tag: 3.4.0),Update changelog
5ad256f,2/22/18 18:30,18, (tag: 3.3.9),Update changelog and version for 3.3.9.
b84be41,2/4/18 15:52,128, (tag: 3.3.8),Revert belt and braces waitStrategy signalling.
1c72f8d,9/29/17 11:28,366, (tag: 3.3.7),Update to release 3.3.7
50f5453,9/28/16 14:52,75, (tag: 3.3.6),"Change version to 3.3.6, update changelog."
6ac0671,7/15/16 16:29,114, (tag: 3.3.5),Remove imports.
acd4e3c,3/23/16 20:52,0, (tag: 3.3.5-rc2),Update to 3.3.5-rc2
5c5a338,3/23/16 20:43,70, (tag: 3.3.5-rc1),Signal the wait strategy if on next if the buffer is full.
c6a44b4,1/13/16 11:17,322, (tag: 3.3.4),Update Changelog
65352f5,2/25/15 22:09,1, (tag: 3.3.2),Update version to 3.3.2.
2d8f3f7,2/24/15 13:01,218, (tag: 3.3.1),Update version number in build.
3.15E+06,7/21/14 12:57,0, (tag: 3.3.0),Update README.md
763786e,7/21/14 9:44,133, (tag: 3.2.2),Update version number to 3.2.2
f80031b,3/10/14 14:07,210, (tag: 3.2.1),Mark for 3.2.1 release
6fd2ca8,8/12/13 21:14,35, (tag: 3.2.0),Update library version number
a24d464,7/9/13 8:42,22, (tag: 3.1.1),Updates for 3.1.1
d1c3fae,6/17/13 9:22,62, (tag: 3.1.0),"[Mike] Update to version 3.1.0, update changelog"
346ad6d,4/16/13 12:41,6, (tag: 3.0.1),Fix a broken rename/refactoring
9389458,4/10/13 13:17,2, (tag: 3.0.0),More README formatting
9d2f887,4/8/13 11:50,0, (tag: 3.0.0.beta5),Update readme
ee75545,4/8/13 7:37,47, (tag: 3.0.0.beta4),Readme updates
4e11bd1,2/20/13 10:05,44, (tag: 3.0.0.beta3),Small fix to Disruptor DSL for WorkPool shutdown
bffe354,1/7/13 8:04,4, (tag: 3.0.0.beta2),Move to beta2
db44f6b,1/3/13 14:19,52, (tag: 3.0.0.beta1),Changelog updates
450139c,11/12/12 8:22,25, (tag: 2.10.4),Add .gitignore
ba1f83a,10/18/12 8:16,58, (tag: mike_3x_experimental),Use Sequencer in OffHeadRingBuffer and rename from MultiProducerOffHeapRingBuffer.  Have the Sequencer use the cursor as the sequnce if no gating sequence is provided
4f83cf3,8/21/12 7:40,76, (tag: 2.10.2),Setting SequenceGroup to -1 when group is empty
45d2960,6/6/12 17:32,24, (tag: 2.10.1),Update OSGI metadata.
f083386,5/13/12 8:12,35, (tag: 2.10),Fix small javadoc error
110c76c,4/8/12 7:55,63, (tag: 2.9),Small performance optimisation on the MultithreadedClaimStrategy
bdde8cc,2/5/12 18:45,47, (tag: 2.8),Merged maven deployment scripts prepared for 2.7 into trunk and updated version to 2.8
509717b,12/20/11 23:10,40," (tag: 2.7.1, origin/2.7-maven)",Updated groupId. Removed snapshot release task.
48103c4,11/10/11 14:00,, (tag: 2.7),Formatting.
,,,,
,average:,65,,