commit,timestamp,between_releses,tag,message
e7f59b629,3/12/18 0:07,203, (tag: mybatis-3.4.6),[maven-release-plugin] prepare release mybatis-3.4.6
1979968f6,8/20/17 17:41,134, (tag: mybatis-3.4.5),[maven-release-plugin] prepare release mybatis-3.4.5
771887c6a,4/8/17 12:21,0, (tag: mybatis-3.4.4),[maven-release-plugin] prepare release mybatis-3.4.4
893bdf15c,4/8/17 2:58,95, (tag: mybatis-3.4.3),[maven-release-plugin] prepare release mybatis-3.4.3
44c09624b,1/2/17 18:01,191, (tag: mybatis-3.4.2),[maven-release-plugin] prepare release mybatis-3.4.2
3e36e1190,6/26/16 2:20,70, (tag: mybatis-3.4.1),[maven-release-plugin] prepare release mybatis-3.4.1
1e19afd06,4/17/16 13:40,64, (tag: mybatis-3.4.0),[maven-release-plugin] prepare release mybatis-3.4.0
4269dbb60,2/13/16 18:25,266, (tag: mybatis-3.3.1),[maven-release-plugin] prepare release mybatis-3.3.1
22fcbef30,5/24/15 1:15,225, (tag: mybatis-3.3.0),[maven-release-plugin] prepare release mybatis-3.3.0
abf2ef361,10/10/14 18:44,187, (tag: mybatis-3.2.8),[maven-release-plugin] prepare release mybatis-3.2.8
34f8feae2,4/6/14 20:15,16, (tag: mybatis-3.2.7),[maven-release-plugin] prepare release mybatis-3.2.7
31c247824,3/21/14 16:17,35, (tag: mybatis-3.2.6),[maven-release-plugin] prepare release mybatis-3.2.6
db7f38da3,2/14/14 20:45,30, (tag: mybatis-3.2.5),[maven-release-plugin] prepare release mybatis-3.2.5
596cbe45f,1/15/14 22:53,108, (tag: mybatis-3.2.4),[maven-release-plugin] prepare release mybatis-3.2.4
93cf26807,9/29/13 21:06,180, (tag: mybatis-3.2.3),[maven-release-plugin] prepare release mybatis-3.2.3
320dd7035,4/2/13 12:54,23, (tag: mybatis-3.2.2),[maven-release-plugin] prepare release mybatis-3.2.2
5d749ed43,3/10/13 20:48,18, (tag: mybatis-3.2.1),[maven-release-plugin] prepare release mybatis-3.2.1
d83e3f0f8,2/20/13 20:11,311, (tag: mybatis-3.2.0),[maven-release-plugin] prepare release mybatis-3.2.0
b944aaf33,4/15/12 20:13,35, (tag: mybatis-3.1.1),[maven-release-plugin] prepare release mybatis-3.1.1
5552b19e1,3/11/12 21:33,154, (tag: mybatis-3.1.0),preparing release version
407de8995,10/9/11 12:49,130, (tag: mybatis-3.0.6),[maven-release-plugin] prepare release mybatis-3.0.6
33fe3141c,6/1/11 20:01,152, (tag: mybatis-3.0.5),[maven-release-plugin] prepare release mybatis-3.0.5
c473381c2,12/31/10 19:53,43, (tag: mybatis-3.0.4),[maven-release-plugin] prepare release mybatis-3.0.4
b20d70fa4,11/18/10 16:38,89, (tag: mybatis-3.0.3),[maven-release-plugin] prepare release mybatis-3.0.3
844634ab3,8/21/10 22:07,93, (tag: mybatis-3.0.2),[maven-release-plugin] prepare release mybatis-3.0.2
2bb7d63df,5/20/10 15:27,, (tag: mybatis-3.0.1),[maven-release-plugin] prepare release mybatis-3.0.1
,,,,
,average:,114,,