commit,timestamp,between_releases,tag,message
8b8c1ffc,10/2/17 16:28,218, (tag: 1.6.5-RELEASE),Merge pull request #1660 from magicdoom/1.6
2bb57bbc,2/26/17 17:32,121, (tag: 1.6.5-BETA),Merge pull request #1385 from magicdoom/1.6
460930bb,10/28/16 20:34,25, (tag: 1.6.1-RELEASE),Merge pull request #1176 from magicdoom/1.6
55da522a,10/3/16 18:01,216, (tag: 1.6-Release),Merge pull request #1141 from qiankunshe/1.6
c30c6fac,3/1/16 8:42,0, (tag: 1.6-DEV),1.6-DEV开始
5f71e629,3/1/16 8:40,35, (tag: 1.5-RELEASE),修改版本号为1.5-RELEASE
fb5a3403,1/26/16 9:51,15, (tag: 1.5-GA),修改版本号，发布。
57fe14c3,1/11/16 14:09,31, (tag: 1.5-beta-begin),修改版本号为1.5-beta
5280689b,12/11/15 18:31,53," (tag: 1.5-branch-begin, tag: 1.5-alpha)",增加 用于检测连接同步的测试类
400ea762,10/19/15 22:41,48, (tag: 1.4-release-last),Merge pull request #505 from songwie/1.4
4c18664a,9/1/15 10:51,76, (tag: 1.4-release),修改版本号。
64765c9c,6/17/15 9:41,13, (tag: 1.4-RC),Merge pull request #358 from linzhiqiang0514/master
4bd3cc33,6/4/15 16:22,22, (tag: 1.4-beta),Merge pull request #334 from linzhiqiang0514/master
9b55d247,5/13/15 11:16,85, (tag: 1.4-alpha),修改版本号1.4-alpha 分支标记
8fe2748c,2/17/15 16:48,6, (tag: 1.3.0.3-release),Merge pull request #156 from sohudo/1.3.0.1
4f4272b1,2/11/15 19:02,37, (tag: 1.3.0.3-alpha),"修改版本号,1.3.0.3-alpha"
6f11bafb,1/5/15 14:43,17, (tag: 1.3.0.2),修复bug
4ba24b1d,12/19/14 9:58,2, (tag: 1.3-beta1),Merge pull request #35 from opencloudb/master
6fada512,12/17/14 13:30,, (tag: 1.3-alpha),Merge pull request #28 from opencloudb/master
,,,,
,average:,57,,