commit,timestamp,between_releases,tag,message
1083babc3,10/15/18 8:26,0, (tag: 2.11.7),[maven-release-plugin] prepare release 2.11.7
43758f166,10/15/18 15:09,19, (tag: release-2.11.7),Migrates to headless UI tests to work around broken CircleCI build
11fd397e4,9/26/18 23:10,0, (tag: 2.11.6),[maven-release-plugin] prepare release 2.11.6
91c39e020,9/26/18 18:29,19, (tag: release-2.11.6),Fixes ungraceful endpoint mapping
e0635ec2a,9/7/18 14:49,0, (tag: 2.11.5),[maven-release-plugin] prepare release 2.11.5
351b11bdd,9/7/18 10:13,8, (tag: release-2.11.5),Updates versions
53cfa850f,8/30/18 15:11,0, (tag: 2.11.4),[maven-release-plugin] prepare release 2.11.4
916e40a8b,8/30/18 21:35,9, (tag: release-2.11.4),Bumps versions notably cassandra driver
ac2bc8509,8/22/18 8:09,0, (tag: 2.11.3),[maven-release-plugin] prepare release 2.11.3
96fa559cf,8/22/18 15:32,3, (tag: release-2.11.3),Fixes Download json button in Search results page
4a6c24175,8/19/18 10:05,0, (tag: 2.11.2),[maven-release-plugin] prepare release 2.11.2
25335b770,8/19/18 12:33,14, (tag: release-2.11.2),Bumps to recent library versions
e263a733b,8/5/18 6:40,2, (tag: 2.11.1),[maven-release-plugin] prepare release 2.11.1
f10a9434c,8/3/18 9:01,0, (tag: 2.11.0),[maven-release-plugin] prepare release 2.11.0
9c367d9da,8/3/18 16:29,8, (tag: release-2.11.0),Bump Spring-Boot to version 2.0.4.RELEASE and Micrometer to version 1.0.6
dc9b6f836,7/26/18 12:36,0, (tag: 2.10.4),[maven-release-plugin] prepare release 2.10.4
58a505f9a,7/26/18 19:58,5, (tag: release-2.10.4),Makes java.util.logging route to log4j2 by default
6c4dbb1b8,7/22/18 5:27,1, (tag: 2.10.3),[maven-release-plugin] prepare release 2.10.3
8faa4d4b0,7/20/18 21:36,5, (tag: release-2.10.3),Switch JSON download button to v2 endpoint
1.97E+11,7/16/18 2:36,0, (tag: 2.10.2),[maven-release-plugin] prepare release 2.10.2
68a16abe6,7/16/18 9:59,10, (tag: release-2.10.2),Fixes bug in thrift codec reading high ports
ef4e7c9d5,7/6/18 3:09,0, (tag: 2.10.1),[maven-release-plugin] prepare release 2.10.1
de1c50d2b,7/6/18 9:35,2, (tag: release-2.10.1),Sorts api results in the UI
f96a821d3,7/4/18 10:04,0, (tag: 2.10.0),[maven-release-plugin] prepare release 2.10.0
108f62168,7/4/18 16:30,19, (tag: release-2.10.0),Removes v1 dependency from benchmarks
d6073add1,6/15/18 4:54,2, (tag: 2.9.4),[maven-release-plugin] prepare release 2.9.4
8ff8ff9ae,6/13/18 4:23,1, (tag: 2.9.3),[maven-release-plugin] prepare release 2.9.3
e9861242d,6/12/18 1:42,1, (tag: 2.9.2),[maven-release-plugin] prepare release 2.9.2
5880cd979,6/11/18 6:49,3, (tag: 2.9.1),[maven-release-plugin] prepare release 2.9.1
d1cacbd53,6/8/18 4:26,18, (tag: 2.9.0),[maven-release-plugin] prepare release 2.9.0
21550794e,5/21/18 8:48,20, (tag: 2.8.4),[maven-release-plugin] prepare release 2.8.4
d867d7229,5/1/18 10:07,2, (tag: 2.8.3),[maven-release-plugin] prepare release 2.8.3
70f247fe6,4/29/18 11:50,0, (tag: 2.8.2),[maven-release-plugin] prepare release 2.8.2
2796e77ee,4/29/18 15:32,1, (tag: 2.7.6),prepare to release 2.7.6
dbc1f848a,4/28/18 4:28,0, (tag: 2.8.1),[maven-release-plugin] prepare release 2.8.1
8cc4f1024,4/28/18 10:53,1, (tag: 2.7.5),prepare release 2.7.5
6bb25fbd8,4/27/18 15:06,0, (tag: 2.8.0),[maven-release-plugin] prepare release 2.8.0
da94858a4,4/27/18 21:20,3, (tag: 2.7.4),prepare 2.7.4
4172d6895,4/24/18 11:50,1, (tag: 2.7.3),[maven-release-plugin] prepare release 2.7.3
532b058e4,4/23/18 12:39,16, (tag: 2.7.2),[maven-release-plugin] prepare release 2.7.2
27d325d4e,4/7/18 8:42,9, (tag: 2.7.1),[maven-release-plugin] prepare release 2.7.1
7310564ee,3/29/18 1:10,9, (tag: 2.7.0),[maven-release-plugin] prepare release 2.7.0
df1b83338,3/20/18 9:11,4, (tag: 2.6.1),[maven-release-plugin] prepare release 2.6.1
e4127124f,3/16/18 11:17,2, (tag: 2.6.0),[maven-release-plugin] prepare release 2.6.0
ff53fc116,3/14/18 11:19,2, (tag: 2.5.3),[maven-release-plugin] prepare release 2.5.3
421ae2918,3/12/18 2:34,10, (tag: 2.5.2),[maven-release-plugin] prepare release 2.5.2
e37ac5fa6,3/2/18 13:53,8, (tag: 2.5.1),[maven-release-plugin] prepare release 2.5.1
3c03a7513,2/22/18 12:42,2, (tag: 2.5.0),[maven-release-plugin] prepare release 2.5.0
9749a67af,2/20/18 6:12,1, (tag: 2.4.9),[maven-release-plugin] prepare release 2.4.9
e814fde23,2/19/18 14:53,4, (tag: 2.4.8),[maven-release-plugin] prepare release 2.4.8
575978f9a,2/15/18 14:51,7, (tag: 2.4.7),[maven-release-plugin] prepare release 2.4.7
9e9062e06,2/8/18 14:13,16, (tag: 2.4.6),[maven-release-plugin] prepare release 2.4.6
26dbf1887,1/23/18 12:51,0, (tag: 2.4.5),[maven-release-plugin] prepare release 2.4.5
4875a0578,1/23/18 9:24,18, (tag: 2.4.4),[maven-release-plugin] prepare release 2.4.4
aa759a720,1/5/18 6:07,17, (tag: 2.4.3),[maven-release-plugin] prepare release 2.4.3
33aefc60d,12/19/17 15:23,7, (tag: 2.4.2),[maven-release-plugin] prepare release 2.4.2
d546f286e,12/12/17 5:42,15, (tag: 2.4.1),[maven-release-plugin] prepare release 2.4.1
1f429ebc8,11/27/17 10:22,13, (tag: 2.4.0),[maven-release-plugin] prepare release 2.4.0
287bda064,11/14/17 13:43,2, (tag: 2.3.1),[maven-release-plugin] prepare release 2.3.1
154b0767a,11/12/17 6:55,2, (tag: 2.3.0),[maven-release-plugin] prepare release 2.3.0
7d2ef4363,11/10/17 10:28,0, (tag: 2.2.3),[maven-release-plugin] prepare release 2.2.3
ec814ca34,11/10/17 3:11,27, (tag: 2.2.2),[maven-release-plugin] prepare release 2.2.2
497adaa6c,10/14/17 5:37,4, (tag: 2.2.1),[maven-release-plugin] prepare release 2.2.1
c6e8ba5e5,10/10/17 15:01,8, (tag: 2.2.0),[maven-release-plugin] prepare release 2.2.0
5f0a376dc,10/2/17 4:52,13, (tag: 2.1.0),[maven-release-plugin] prepare release 2.1.0
7136c0164,9/19/17 15:42,7, (tag: 2.0.1),[maven-release-plugin] prepare release 2.0.1
8cc9196df,9/12/17 11:56,2, (tag: 2.0.0),[maven-release-plugin] prepare release 2.0.0
7073bcdd4,9/10/17 17:38,0, (tag: 1.31.3),[maven-release-plugin] prepare release 1.31.3
57123a886,9/10/17 9:04,8, (tag: 1.31.2),[maven-release-plugin] prepare release 1.31.2
5ec3b36f4,9/2/17 5:11,2, (tag: 1.31.1),[maven-release-plugin] prepare release 1.31.1
072b46393,8/31/17 2:12,17, (tag: 1.31.0),[maven-release-plugin] prepare release 1.31.0
eb7ecae22,8/14/17 6:36,1, (tag: 1.30.3),[maven-release-plugin] prepare release 1.30.3
b6df5c59b,8/13/17 11:04,1, (tag: 1.30.2),[maven-release-plugin] prepare release 1.30.2
615aba53e,8/12/17 15:00,0, (tag: 1.30.1),[maven-release-plugin] prepare release 1.30.1
348824363,8/12/17 11:21,0, (tag: 1.30.0),[maven-release-plugin] prepare release 1.30.0
38bbf1b73,8/12/17 9:28,1, (tag: 1.29.4),[maven-release-plugin] prepare release 1.29.4
ba8367bd6,8/11/17 12:43,5, (tag: 1.29.3),[maven-release-plugin] prepare release 1.29.3
606ad2415,8/6/17 14:58,2, (tag: 1.29.2),[maven-release-plugin] prepare release 1.29.2
6ab9dbc47,8/4/17 9:41,2, (tag: 1.29.1),[maven-release-plugin] prepare release 1.29.1
d1c7e4eec,8/2/17 10:09,25, (tag: 1.29.0),[maven-release-plugin] prepare release 1.29.0
c342c9fce,7/8/17 5:33,2, (tag: 1.28.1),[maven-release-plugin] prepare release 1.28.1
3e66a3cec,7/6/17 1:51,6, (tag: 1.28.0),[maven-release-plugin] prepare release 1.28.0
c373e6b79,6/29/17 20:03,7, (tag: 1.27.0),[maven-release-plugin] prepare release 1.27.0
53df36f35,6/22/17 10:54,7, (tag: 1.26.2),[maven-release-plugin] prepare release 1.26.2
d8a16b575,6/15/17 14:42,29, (tag: 1.26.1),[maven-release-plugin] prepare release 1.26.1
71ac702a5,5/17/17 9:29,1, (tag: 1.26.0),[maven-release-plugin] prepare release 1.26.0
0428ec75a,5/16/17 9:40,12, (tag: 1.25.0),[maven-release-plugin] prepare release 1.25.0
9af4ce1f5,5/4/17 2:04,6, (tag: 1.24.0),[maven-release-plugin] prepare release 1.24.0
c340fbaab,4/28/17 4:02,6, (tag: 1.23.3),[maven-release-plugin] prepare release 1.23.3
8a9e1a82a,4/22/17 5:04,1, (tag: 1.23.2),[maven-release-plugin] prepare release 1.23.2
5268c7bf6,4/21/17 13:35,7, (tag: 1.23.1),[maven-release-plugin] prepare release 1.23.1
294030199,4/14/17 9:32,7, (tag: 1.23.0),[maven-release-plugin] prepare release 1.23.0
3f5cfc107,4/7/17 12:18,3, (tag: 1.22.1),[maven-release-plugin] prepare release 1.22.1
e6b8fdc55,4/4/17 7:47,19, (tag: 1.22.0),[maven-release-plugin] prepare release 1.22.0
a91b34e93,3/15/17 23:13,32, (tag: 1.21.0),[maven-release-plugin] prepare release 1.21.0
6eb1ee13b,2/11/17 12:47,9, (tag: 1.20.1),[maven-release-plugin] prepare release 1.20.1
1f78da253,2/2/17 2:51,7, (tag: 1.20.0),[maven-release-plugin] prepare release 1.20.0
2e01edaac,1/26/17 8:40,5, (tag: 1.19.4),[maven-release-plugin] prepare release 1.19.4
5ddac2fbe,1/21/17 5:41,5, (tag: 1.19.3),[maven-release-plugin] prepare release 1.19.3
20b18e99e,1/16/17 11:11,7, (tag: 1.19.2),[maven-release-plugin] prepare release 1.19.2
7cdca59cf,1/9/17 14:20,7, (tag: 1.19.1),[maven-release-plugin] prepare release 1.19.1
0fac44e5e,1/2/17 15:37,14, (tag: 1.19.0),[maven-release-plugin] prepare release 1.19.0
5f0d1ed82,12/19/16 9:18,19, (tag: 1.18.0),[maven-release-plugin] prepare release 1.18.0
8a5e571ee,11/30/16 5:00,0, (tag: 1.17.1),[maven-release-plugin] prepare release 1.17.1
5c446c27f,11/30/16 2:37,12, (tag: 1.17.0),[maven-release-plugin] prepare release 1.17.0
c9f27c9b1,11/18/16 6:31,0, (tag: 1.16.2),[maven-release-plugin] prepare release 1.16.2
3e854ef3d,11/18/16 3:26,2, (tag: 1.16.1),[maven-release-plugin] prepare release 1.16.1
333b39123,11/15/16 23:56,4, (tag: 1.16.0),[maven-release-plugin] prepare release 1.16.0
d0d12fa09,11/12/16 8:16,7, (tag: 1.15.0),[maven-release-plugin] prepare release 1.15.0
cb6c667d8,11/5/16 10:06,4, (tag: 1.14.4),[maven-release-plugin] prepare release 1.14.4
3de06972d,11/1/16 12:17,1, (tag: 1.14.3),[maven-release-plugin] prepare release 1.14.3
86d0bd719,10/31/16 15:27,5, (tag: 1.14.2),[maven-release-plugin] prepare release 1.14.2
b00d69f11,10/27/16 1:51,1, (tag: 1.14.1),[maven-release-plugin] prepare release 1.14.1
39a54f436,10/26/16 11:27,20, (tag: 1.14.0),[maven-release-plugin] prepare release 1.14.0
2dfa0bb50,10/6/16 7:33,2, (tag: 1.13.1),[maven-release-plugin] prepare release 1.13.1
ff13a9c15,10/4/16 16:42,10, (tag: 1.13.0),[maven-release-plugin] prepare release 1.13.0
ab076491e,9/24/16 6:12,1, (tag: 1.12.1),[maven-release-plugin] prepare release 1.12.1
70f32e069,9/23/16 13:09,8, (tag: 1.12.0),[maven-release-plugin] prepare release 1.12.0
7b3c89a41,9/15/16 11:20,3, (tag: 1.11.1),[maven-release-plugin] prepare release 1.11.1
3d1d74cce,9/12/16 11:18,2, (tag: 1.11.0),[maven-release-plugin] prepare release 1.11.0
09bd1d1a6,9/10/16 0:57,3, (tag: 1.10.0),[maven-release-plugin] prepare release 1.10.0
aa302a380,9/7/16 8:34,2, (tag: 1.9.0),[maven-release-plugin] prepare release 1.9.0
4f4af386d,9/5/16 16:06,0, (tag: 1.8.4),[maven-release-plugin] prepare release 1.8.4
bc85480b6,9/5/16 13:30,0, (tag: 1.8.3),[maven-release-plugin] prepare release 1.8.3
f3feb3bb3,9/5/16 5:37,5, (tag: 1.8.2),[maven-release-plugin] prepare release 1.8.2
8775d75d8,8/31/16 14:29,1, (tag: 1.8.1),[maven-release-plugin] prepare release 1.8.1
8038a1c9a,8/30/16 23:39,12, (tag: 1.8.0),[maven-release-plugin] prepare release 1.8.0
ebbbcc79f,8/18/16 13:01,18, (tag: 1.7.0),[maven-release-plugin] prepare release 1.7.0
f54cbe6e1,7/31/16 20:22,7, (tag: 1.6.0),[maven-release-plugin] prepare release 1.6.0
16b5d53c0,7/25/16 8:18,4, (tag: 1.5.1),[maven-release-plugin] prepare release 1.5.1
e252bc3d9,7/21/16 10:37,1, (tag: 1.5.0),[maven-release-plugin] prepare release 1.5.0
29d7f748e,7/20/16 13:11,2, (tag: 1.4.4),[maven-release-plugin] prepare release 1.4.4
d251e9797,7/18/16 12:57,1, (tag: 1.4.3),[maven-release-plugin] prepare release 1.4.3
76d5e6d26,7/17/16 8:55,3, (tag: 1.4.2),[maven-release-plugin] prepare release 1.4.2
4e01abcb5,7/14/16 13:47,1, (tag: 1.4.1),[maven-release-plugin] prepare release 1.4.1
2df084571,7/13/16 4:53,3, (tag: 1.4.0),[maven-release-plugin] prepare release 1.4.0
71f78686f,7/10/16 1:38,11, (tag: 1.3.0),[maven-release-plugin] prepare release 1.3.0
eafc75543,6/29/16 4:53,0, (tag: 1.2.1),[maven-release-plugin] prepare release 1.2.1
1f09c99bc,6/29/16 2:48,8, (tag: 1.2.0),[maven-release-plugin] prepare release 1.2.0
880d973c5,6/21/16 11:27,17, (tag: 1.1.5),[maven-release-plugin] prepare release 1.1.5
edc789cdc,6/4/16 2:49,1, (tag: 1.1.4),[maven-release-plugin] prepare release 1.1.4
c9deb03a9,6/3/16 10:13,2, (tag: 1.1.3),[maven-release-plugin] prepare release 1.1.3
bcfc59cc1,6/1/16 13:11,7, (tag: 1.1.0),[maven-release-plugin] prepare release 1.1.0
da81140d1,5/25/16 13:37,, (tag: 1.0.0),[maven-release-plugin] prepare release 1.0.0
,,,,
,average:,6,,