commit,timestamp,between_releases,tag,message
95ae0cf4,7/12/18 23:41,138, (tag: parent-3.11.0),[maven-release-plugin] prepare release parent-3.11.0
c0739a41,2/24/18 13:33,98, (tag: parent-3.10.0),[maven-release-plugin] prepare release parent-3.10.0
23b6f755,11/18/17 14:37,75, (tag: parent-3.9.1),[maven-release-plugin] prepare release parent-3.9.1
51663fd0,9/4/17 17:00,78, (tag: parent-3.9.0),[maven-release-plugin] prepare release parent-3.9.0
ea582e6c,6/18/17 13:08,36, (tag: parent-3.8.1),[maven-release-plugin] prepare release parent-3.8.1
cb981dae,5/13/17 10:58,28, (tag: parent-3.8.0),[maven-release-plugin] prepare release parent-3.8.0
e56f561e,4/15/17 21:53,76," (tag: parent-3.7.0, origin/okhttp_37)",[maven-release-plugin] prepare release parent-3.7.0
9dc1bbad,1/29/17 14:14,59," (tag: parent-3.6.0, origin/okhttp_36)",[maven-release-plugin] prepare release parent-3.6.0
366bc475,12/1/16 12:53,28," (tag: parent-3.5.0, origin/okhttp_35)",[maven-release-plugin] prepare release parent-3.5.0
4fa181b3,11/3/16 23:21,117, (tag: parent-3.4.2),[maven-release-plugin] prepare release parent-3.4.2
aa69328e,7/10/16 11:10,2, (tag: parent-3.4.1),[maven-release-plugin] prepare release parent-3.4.1
ee2b9a29,7/8/16 22:39,6, (tag: parent-3.4.0),[maven-release-plugin] prepare release parent-3.4.0
9db49192,7/2/16 23:18,35, (tag: parent-3.4.0-RC1),[maven-release-plugin] prepare release parent-3.4.0-RC1
358d96c5,5/28/16 14:11,4, (tag: parent-3.3.1),[maven-release-plugin] prepare release parent-3.3.1
b031042e,5/24/16 22:12,88," (tag: parent-3.3.0, origin/okhttp_33)",[maven-release-plugin] prepare release parent-3.3.0
6e236ce3,2/26/16 10:22,1, (tag: parent-2.7.5),[maven-release-plugin] prepare release parent-2.7.5
14eb0773,2/25/16 20:54,16," (tag: parent-3.2.0, origin/okhttp_32)",[maven-release-plugin] prepare release parent-3.2.0
9aa5e87a,2/10/16 8:37,2, (tag: parent-3.1.2),[maven-release-plugin] prepare release parent-3.1.2
edaa2581,2/7/16 22:21,0, (tag: parent-2.7.4),[maven-release-plugin] prepare release parent-2.7.4
0cd6b186,2/7/16 22:10,1, (tag: parent-3.1.1),[maven-release-plugin] prepare release parent-3.1.1
2df2565b,2/6/16 22:13,0, (tag: parent-2.7.3),[maven-release-plugin] prepare release parent-2.7.3
519ec8ad,2/6/16 12:59,23, (tag: parent-3.1.0),[maven-release-plugin] prepare release parent-3.1.0
bdbb3ad0,1/14/16 16:03,1," (tag: parent-3.0.1, origin/okhttp_30)",[maven-release-plugin] prepare release parent-3.0.1
c9b812a4,1/13/16 14:12,6, (tag: parent-3.0.0),[maven-release-plugin] prepare release parent-3.0.0
abf03414,1/8/16 0:27,6, (tag: parent-2.7.2),[maven-release-plugin] prepare release parent-2.7.2
ffc35dbd,1/2/16 2:31,1, (tag: parent-3.0.0-RC1),[maven-release-plugin] prepare release parent-3.0.0-RC1
e871c606,1/1/16 11:13,19, (tag: parent-2.7.1),[maven-release-plugin] prepare release parent-2.7.1
a36b1fb7,12/13/15 20:35,21, (tag: parent-2.7.0),[maven-release-plugin] prepare release parent-2.7.0
d0a381ed,11/22/15 12:30,89, (tag: parent-2.6.0),[maven-release-plugin] prepare release parent-2.6.0
f36bed41,8/25/15 21:11,95, (tag: parent-2.5.0),[maven-release-plugin] prepare release parent-2.5.0
7298bee2,5/22/15 19:47,6, (tag: parent-2.4.0),[maven-release-plugin] prepare release parent-2.4.0
5cc7dba3,5/16/15 17:03,61, (tag: parent-2.4.0-RC1),[maven-release-plugin] prepare release parent-2.4.0-RC1
c49eedeb,3/16/15 22:28,76," (tag: parent-2.3.0, origin/okhttp_23)",[maven-release-plugin] prepare release parent-2.3.0
6aef5ab3,12/30/14 21:52,49, (tag: parent-2.2.0),[maven-release-plugin] prepare release parent-2.2.0
86d4716b,11/12/14 0:34,7, (tag: parent-2.1.0),[maven-release-plugin] prepare release parent-2.1.0
7b6771bb,11/5/14 2:12,137, (tag: parent-2.1.0-RC1),[maven-release-plugin] prepare release parent-2.1.0-RC1
a3c18f69,6/21/14 0:02,10, (tag: parent-2.0.0),[maven-release-plugin] prepare release parent-2.0.0
f171096b,6/11/14 1:34,18, (tag: parent-2.0.0-RC2),[maven-release-plugin] prepare release parent-2.0.0-RC2
8dcc74d3,5/24/14 2:03,0, (tag: parent-2.0.0-RC1),[maven-release-plugin] prepare release parent-2.0.0-RC1
bbfbfdf4,5/24/14 0:10,39, (tag: parent-1.6.0),[maven-release-plugin] prepare release parent-1.6.0
e5cb379d,4/14/14 23:37,16, (tag: parent-1.5.4),[maven-release-plugin] prepare release parent-1.5.4
fa8cb2ee,3/29/14 17:27,12, (tag: parent-1.5.3),[maven-release-plugin] prepare release parent-1.5.3
b46882bd,3/17/14 22:02,6, (tag: parent-1.5.2),[maven-release-plugin] prepare release parent-1.5.2
d0efad2f,3/11/14 20:40,4, (tag: parent-1.5.1),[maven-release-plugin] prepare release parent-1.5.1
aebb2c4a,3/7/14 14:59,55, (tag: parent-1.5.0),[maven-release-plugin] prepare release parent-1.5.0
3e14ab44,1/11/14 18:47,141, (tag: 1.3.0),Prepare release 1.3.0.
4eb81fee,8/23/13 23:19,12, (tag: parent-1.2.1),[maven-release-plugin] prepare release parent-1.2.1
f7699d92,8/12/13 0:01,49, (tag: parent-1.2.0),[maven-release-plugin] prepare release parent-1.2.0
d439855a,6/23/13 20:01,8, (tag: parent-1.1.1),[maven-release-plugin] prepare release parent-1.1.1
20f7eebb,6/15/13 20:28,35, (tag: parent-1.1.0),[maven-release-plugin] prepare release parent-1.1.0
34049c1c,5/11/13 20:56,5, (tag: parent-1.0.2),[maven-release-plugin] prepare release parent-1.0.2
66544fea,5/6/13 9:19,0, (tag: parent-1.0.1),[maven-release-plugin] prepare release parent-1.0.1
d95ecff5,5/6/13 7:00,, (tag: parent-1.0.0),[maven-release-plugin] prepare release parent-1.0.0
,,,,
,average:,36,,