commit,timestamp,between_releases,tag,message
71586983,3/14/18 11:39,305, (tag: parent-2.4.0),[maven-release-plugin] prepare release parent-2.4.0
903e149a,5/13/17 19:47,81, (tag: parent-2.3.0),[maven-release-plugin] prepare release parent-2.3.0
98f8b43a,2/21/17 16:48,252, (tag: parent-2.2.0),[maven-release-plugin] prepare release parent-2.2.0
fd2f2e24,6/15/16 0:27,61, (tag: parent-2.1.0),[maven-release-plugin] prepare release parent-2.1.0
7f378474,4/14/16 20:23,15, (tag: parent-2.0.2),[maven-release-plugin] prepare release parent-2.0.2
2927160d,3/30/16 23:04,19, (tag: parent-2.0.1),[maven-release-plugin] prepare release parent-2.0.1
c4551d99,3/11/16 16:13,36, (tag: parent-2.0.0),[maven-release-plugin] prepare release parent-2.0.0
2613d174,2/4/16 11:22,30, (tag: parent-2.0.0-beta4),[maven-release-plugin] prepare release parent-2.0.0-beta4
b5ef2af4,1/5/16 12:23,99, (tag: parent-2.0.0-beta3),[maven-release-plugin] prepare release parent-2.0.0-beta3
e6801193,9/28/15 11:15,32, (tag: parent-2.0.0-beta2),[maven-release-plugin] prepare release parent-2.0.0-beta2
bcf62757,8/27/15 13:54,232, (tag: parent-2.0.0-beta1),[maven-release-plugin] prepare release parent-2.0.0-beta1
2f4caa6f,1/7/15 21:35,51, (tag: parent-1.9.0),[maven-release-plugin] prepare release parent-1.9.0
ab0fd55b,11/18/14 8:12,26, (tag: parent-1.8.0),[maven-release-plugin] prepare release parent-1.8.0
e8f3a1db,10/23/14 10:54,15, (tag: parent-1.7.1),[maven-release-plugin] prepare release parent-1.7.1
2c42f2a1,10/8/14 11:37,98, (tag: parent-1.7.0),[maven-release-plugin] prepare release parent-1.7.0
e552d9a9,7/2/14 12:25,26, (tag: parent-1.6.1),[maven-release-plugin] prepare release parent-1.6.1
0cb35c8a,6/6/14 18:42,29, (tag: parent-1.6.0),[maven-release-plugin] prepare release parent-1.6.0
d5feecde,5/8/14 9:04,48, (tag: parent-1.5.1),[maven-release-plugin] prepare release parent-1.5.1
6120d861,3/20/14 23:51,47, (tag: parent-1.5.0),[maven-release-plugin] prepare release parent-1.5.0
bb69e424,2/1/14 12:25,1, (tag: parent-1.4.1),[maven-release-plugin] prepare release parent-1.4.1
66d7012b,1/31/14 23:56,68, (tag: parent-1.4.0),[maven-release-plugin] prepare release parent-1.4.0
c072c161,11/25/13 11:43,74, (tag: parent-1.3.0),[maven-release-plugin] prepare release parent-1.3.0
387deccf,9/12/13 19:56,13, (tag: parent-1.2.2),[maven-release-plugin] prepare release parent-1.2.2
8bb570b7,8/30/13 14:44,7, (tag: parent-1.2.1),[maven-release-plugin] prepare release parent-1.2.1
617d6b88,8/23/13 9:27,59, (tag: parent-1.2.0),[maven-release-plugin] prepare release parent-1.2.0
47f388d8,6/25/13 13:28,5, (tag: parent-1.1.1),[maven-release-plugin] prepare release parent-1.1.1
63fee412,6/20/13 12:40,28, (tag: parent-1.1.0),[maven-release-plugin] prepare release parent-1.1.0
434f9759,5/23/13 22:21,10, (tag: parent-1.0.2),[maven-release-plugin] prepare release parent-1.0.2
a2f4b535,5/13/13 14:27,0, (tag: parent-1.0.1),[maven-release-plugin] prepare release parent-1.0.1
193b3f00,5/13/13 8:55,256, (tag: parent-1.0.0),[maven-release-plugin] prepare release parent-1.0.0
f9afbbfc,8/30/12 9:56,15, (tag: 0.6.0-rc6),Bump version to 0.6.0-rc6.
9e68e800,8/15/12 11:16,7, (tag: 0.6.0-rc5),Bump version to 0.6.0-rc5
9c5458cd,8/8/12 14:46,22, (tag: 0.6.0-rc4),Bump version to 0.6.0-rc4
4cbec885,7/17/12 10:30,25, (tag: 0.6.0-rc3),Publishing 0.6.0-rc3
8232a1fc,6/22/12 13:14,9, (tag: 0.6.0-rc2),Bump version to RC2.
eee72f00,6/13/12 12:30,373, (tag: 0.6.0-rc1),Bump version to RC1.
84ce5c51,6/6/11 11:11,62, (tag: 0.5),Logging unexpected errors in RestAdapter.
9016ad62,4/5/11 9:16,43, (tag: 0.4),changed revision.properties to 0.4
288c4708,2/21/11 14:37,71, (tag: 0.3),removed SNAPSHOT from version
d86f495f,12/12/10 17:07,45, (tag: 0.2),TypedFile gets its length from the underlying file now
76322c21,10/28/10 17:06,, (tag: 0.1),changed revision.properties to 0.1
,,,,
,average:,67,,