smell,predict,avgPrecision,avgRecall
isCouplingBtwObjects,120,0.9,48
isCouplingBtwObjects,15,0.7,51.2
isCouplingBtwObjects,30,0.7,50.4
isCouplingBtwObjects,60,0.8,50.8
isCouplingBtwObjects,90,0.9,49.7
isCouplingBtwObjects,releases,0.9,50
isCyclomaticComplexity,120,2.9,49.9
isCyclomaticComplexity,15,2.1,50.7
isCyclomaticComplexity,30,2.1,49.9
isCyclomaticComplexity,60,2.1,50.8
isCyclomaticComplexity,90,2.2,50.1
isCyclomaticComplexity,releases,2.7,50.3
isExcessiveClassLength,120,1,50.1
isExcessiveClassLength,15,1.4,51.6
isExcessiveClassLength,30,0.9,50.2
isExcessiveClassLength,60,1,52.5
isExcessiveClassLength,90,1.1,55.1
isExcessiveClassLength,releases,1,48.3
isGodDecor,120,1.5,51.9
isGodDecor,15,1.4,48.9
isGodDecor,30,1.5,50.4
isGodDecor,60,1.4,51.4
isGodDecor,90,1.6,51.4
isGodDecor,releases,1.4,48.9
isSpaghCodeDecor,120,1.5,47.7
isSpaghCodeDecor,15,1.4,52.3
isSpaghCodeDecor,30,1.5,51.6
isSpaghCodeDecor,60,1.4,50.1
isSpaghCodeDecor,90,2,52.5
isSpaghCodeDecor,releases,1.6,50.8