﻿repo,type,files_count
incubator-skywalking,totalRepoGodClean,217754
incubator-skywalking,totalRepoGodSmelly,19
incubator-skywalking,totalRepoGodPMDClean,217773
incubator-skywalking,totalRepoGodPMDSmelly,0
incubator-skywalking,totalSpaghettiClean,217767
incubator-skywalking,totalSpaghettiSmelly,6
incubator-skywalking,totalRepoComplexClean,216014
incubator-skywalking,totalRepoComplexSmelly,1759
incubator-skywalking,totalRepocouplingClean,217531
incubator-skywalking,totalRepocouplingSmelly,242
GCViewer,totalRepoGodClean,27843
GCViewer,totalRepoGodSmelly,833
GCViewer,totalRepoGodPMDClean,28389
GCViewer,totalRepoGodPMDSmelly,287
GCViewer,totalSpaghettiClean,28676
GCViewer,totalSpaghettiSmelly,0
GCViewer,totalRepoComplexClean,28281
GCViewer,totalRepoComplexSmelly,395
GCViewer,totalRepocouplingClean,28676
GCViewer,totalRepocouplingSmelly,0
material-theme-jetbrains,totalRepoGodClean,75960
material-theme-jetbrains,totalRepoGodSmelly,415
material-theme-jetbrains,totalRepoGodPMDClean,75389
material-theme-jetbrains,totalRepoGodPMDSmelly,986
material-theme-jetbrains,totalSpaghettiClean,76375
material-theme-jetbrains,totalSpaghettiSmelly,0
material-theme-jetbrains,totalRepoComplexClean,73490
material-theme-jetbrains,totalRepoComplexSmelly,2885
material-theme-jetbrains,totalRepocouplingClean,75297
material-theme-jetbrains,totalRepocouplingSmelly,1078
beam,totalRepoGodClean,4185263
beam,totalRepoGodSmelly,32226
beam,totalRepoGodPMDClean,4196858
beam,totalRepoGodPMDSmelly,20631
beam,totalSpaghettiClean,4215765
beam,totalSpaghettiSmelly,1724
beam,totalRepoComplexClean,4180173
beam,totalRepoComplexSmelly,37316
beam,totalRepocouplingClean,4187214
beam,totalRepocouplingSmelly,30275
cucumber-jvm,totalRepoGodClean,172237
cucumber-jvm,totalRepoGodSmelly,0
cucumber-jvm,totalRepoGodPMDClean,172134
cucumber-jvm,totalRepoGodPMDSmelly,103
cucumber-jvm,totalSpaghettiClean,172237
cucumber-jvm,totalSpaghettiSmelly,0
cucumber-jvm,totalRepoComplexClean,169727
cucumber-jvm,totalRepoComplexSmelly,2510
cucumber-jvm,totalRepocouplingClean,172094
cucumber-jvm,totalRepocouplingSmelly,143
retrofit,totalRepoGodClean,30571
retrofit,totalRepoGodSmelly,699
retrofit,totalRepoGodPMDClean,30834
retrofit,totalRepoGodPMDSmelly,436
retrofit,totalSpaghettiClean,31031
retrofit,totalSpaghettiSmelly,239
retrofit,totalRepoComplexClean,31022
retrofit,totalRepoComplexSmelly,248
retrofit,totalRepocouplingClean,31077
retrofit,totalRepocouplingSmelly,193
incubator-heron,totalRepoGodClean,377925
incubator-heron,totalRepoGodSmelly,556
incubator-heron,totalRepoGodPMDClean,378481
incubator-heron,totalRepoGodPMDSmelly,0
incubator-heron,totalSpaghettiClean,378481
incubator-heron,totalSpaghettiSmelly,0
incubator-heron,totalRepoComplexClean,376586
incubator-heron,totalRepoComplexSmelly,1895
incubator-heron,totalRepocouplingClean,378481
incubator-heron,totalRepocouplingSmelly,0
cryptomator,totalRepoGodClean,62648
cryptomator,totalRepoGodSmelly,0
cryptomator,totalRepoGodPMDClean,62648
cryptomator,totalRepoGodPMDSmelly,0
cryptomator,totalSpaghettiClean,62648
cryptomator,totalSpaghettiSmelly,0
cryptomator,totalRepoComplexClean,61921
cryptomator,totalRepoComplexSmelly,727
cryptomator,totalRepocouplingClean,62648
cryptomator,totalRepocouplingSmelly,0
async-http-client,totalRepoGodClean,531309
async-http-client,totalRepoGodSmelly,3436
async-http-client,totalRepoGodPMDClean,534355
async-http-client,totalRepoGodPMDSmelly,390
async-http-client,totalSpaghettiClean,534118
async-http-client,totalSpaghettiSmelly,627
async-http-client,totalRepoComplexClean,529697
async-http-client,totalRepoComplexSmelly,5048
async-http-client,totalRepocouplingClean,534745
async-http-client,totalRepocouplingSmelly,0
cas,totalRepoGodClean,2851293
cas,totalRepoGodSmelly,7702
cas,totalRepoGodPMDClean,2858995
cas,totalRepoGodPMDSmelly,0
cas,totalSpaghettiClean,2858995
cas,totalSpaghettiSmelly,0
cas,totalRepoComplexClean,2851555
cas,totalRepoComplexSmelly,7440
cas,totalRepocouplingClean,2854688
cas,totalRepocouplingSmelly,4307
azkaban,totalRepoGodClean,175694
azkaban,totalRepoGodSmelly,1386
azkaban,totalRepoGodPMDClean,175964
azkaban,totalRepoGodPMDSmelly,1116
azkaban,totalSpaghettiClean,176999
azkaban,totalSpaghettiSmelly,81
azkaban,totalRepoComplexClean,175251
azkaban,totalRepoComplexSmelly,1829
azkaban,totalRepocouplingClean,177080
azkaban,totalRepocouplingSmelly,0
mybatis-3,totalRepoGodClean,508211
mybatis-3,totalRepoGodSmelly,2801
mybatis-3,totalRepoGodPMDClean,510810
mybatis-3,totalRepoGodPMDSmelly,202
mybatis-3,totalSpaghettiClean,511012
mybatis-3,totalSpaghettiSmelly,0
mybatis-3,totalRepoComplexClean,505358
mybatis-3,totalRepoComplexSmelly,5654
mybatis-3,totalRepocouplingClean,507740
mybatis-3,totalRepocouplingSmelly,3272
ksql,totalRepoGodClean,119755
ksql,totalRepoGodSmelly,321
ksql,totalRepoGodPMDClean,119537
ksql,totalRepoGodPMDSmelly,539
ksql,totalSpaghettiClean,120076
ksql,totalSpaghettiSmelly,0
ksql,totalRepoComplexClean,119201
ksql,totalRepoComplexSmelly,875
ksql,totalRepocouplingClean,119231
ksql,totalRepocouplingSmelly,845
zheng,totalRepoGodClean,25555
zheng,totalRepoGodSmelly,190
zheng,totalRepoGodPMDClean,25549
zheng,totalRepoGodPMDSmelly,196
zheng,totalSpaghettiClean,25454
zheng,totalSpaghettiSmelly,291
zheng,totalRepoComplexClean,25567
zheng,totalRepoComplexSmelly,178
zheng,totalRepocouplingClean,25745
zheng,totalRepocouplingSmelly,0
javacpp,totalRepoGodClean,16266
javacpp,totalRepoGodSmelly,485
javacpp,totalRepoGodPMDClean,16370
javacpp,totalRepoGodPMDSmelly,381
javacpp,totalSpaghettiClean,16387
javacpp,totalSpaghettiSmelly,364
javacpp,totalRepoComplexClean,16590
javacpp,totalRepoComplexSmelly,161
javacpp,totalRepocouplingClean,16550
javacpp,totalRepocouplingSmelly,201
bigbluebutton,totalRepoGodClean,163431
bigbluebutton,totalRepoGodSmelly,616
bigbluebutton,totalRepoGodPMDClean,164047
bigbluebutton,totalRepoGodPMDSmelly,0
bigbluebutton,totalSpaghettiClean,164047
bigbluebutton,totalSpaghettiSmelly,0
bigbluebutton,totalRepoComplexClean,160456
bigbluebutton,totalRepoComplexSmelly,3591
bigbluebutton,totalRepocouplingClean,164047
bigbluebutton,totalRepocouplingSmelly,0
webmagic,totalRepoGodClean,38920
webmagic,totalRepoGodSmelly,0
webmagic,totalRepoGodPMDClean,38920
webmagic,totalRepoGodPMDSmelly,0
webmagic,totalSpaghettiClean,38920
webmagic,totalSpaghettiSmelly,0
webmagic,totalRepoComplexClean,37405
webmagic,totalRepoComplexSmelly,1515
webmagic,totalRepocouplingClean,38920
webmagic,totalRepocouplingSmelly,0
okhttp,totalRepoGodClean,199451
okhttp,totalRepoGodSmelly,4511
okhttp,totalRepoGodPMDClean,202625
okhttp,totalRepoGodPMDSmelly,1337
okhttp,totalSpaghettiClean,203215
okhttp,totalSpaghettiSmelly,747
okhttp,totalRepoComplexClean,199622
okhttp,totalRepoComplexSmelly,4340
okhttp,totalRepocouplingClean,203067
okhttp,totalRepocouplingSmelly,895
HikariCP,totalRepoGodClean,46647
HikariCP,totalRepoGodSmelly,1105
HikariCP,totalRepoGodPMDClean,47732
HikariCP,totalRepoGodPMDSmelly,20
HikariCP,totalSpaghettiClean,47752
HikariCP,totalSpaghettiSmelly,0
HikariCP,totalRepoComplexClean,46273
HikariCP,totalRepoComplexSmelly,1479
HikariCP,totalRepocouplingClean,47752
HikariCP,totalRepocouplingSmelly,0
zipkin,totalRepoGodClean,145004
zipkin,totalRepoGodSmelly,709
zipkin,totalRepoGodPMDClean,145348
zipkin,totalRepoGodPMDSmelly,365
zipkin,totalSpaghettiClean,145713
zipkin,totalSpaghettiSmelly,0
zipkin,totalRepoComplexClean,143910
zipkin,totalRepoComplexSmelly,1803
zipkin,totalRepocouplingClean,145520
zipkin,totalRepocouplingSmelly,193
storm,totalRepoGodClean,21723
storm,totalRepoGodSmelly,282
storm,totalRepoGodPMDClean,21786
storm,totalRepoGodPMDSmelly,219
storm,totalSpaghettiClean,22005
storm,totalSpaghettiSmelly,0
storm,totalRepoComplexClean,21722
storm,totalRepoComplexSmelly,283
storm,totalRepocouplingClean,22005
storm,totalRepocouplingSmelly,0
disruptor,totalRepoGodClean,52141
disruptor,totalRepoGodSmelly,167
disruptor,totalRepoGodPMDClean,51922
disruptor,totalRepoGodPMDSmelly,386
disruptor,totalSpaghettiClean,52308
disruptor,totalSpaghettiSmelly,0
disruptor,totalRepoComplexClean,51714
disruptor,totalRepoComplexSmelly,594
disruptor,totalRepocouplingClean,52308
disruptor,totalRepocouplingSmelly,0
Bukkit,totalRepoGodClean,455466
Bukkit,totalRepoGodSmelly,5186
Bukkit,totalRepoGodPMDClean,457743
Bukkit,totalRepoGodPMDSmelly,2909
Bukkit,totalSpaghettiClean,460652
Bukkit,totalSpaghettiSmelly,0
Bukkit,totalRepoComplexClean,452736
Bukkit,totalRepoComplexSmelly,7916
Bukkit,totalRepocouplingClean,459078
Bukkit,totalRepocouplingSmelly,1574
btrace,totalRepoGodClean,59344
btrace,totalRepoGodSmelly,949
btrace,totalRepoGodPMDClean,59904
btrace,totalRepoGodPMDSmelly,389
btrace,totalSpaghettiClean,59949
btrace,totalSpaghettiSmelly,344
btrace,totalRepoComplexClean,59787
btrace,totalRepoComplexSmelly,506
btrace,totalRepocouplingClean,59641
btrace,totalRepocouplingSmelly,652
lucida,totalRepoGodClean,3102
lucida,totalRepoGodSmelly,1
lucida,totalRepoGodPMDClean,3103
lucida,totalRepoGodPMDSmelly,0
lucida,totalSpaghettiClean,3103
lucida,totalSpaghettiSmelly,0
lucida,totalRepoComplexClean,3103
lucida,totalRepoComplexSmelly,0
lucida,totalRepocouplingClean,3102
lucida,totalRepocouplingSmelly,1
nutch,totalRepoGodClean,280732
nutch,totalRepoGodSmelly,2342
nutch,totalRepoGodPMDClean,280296
nutch,totalRepoGodPMDSmelly,2778
nutch,totalSpaghettiClean,283073
nutch,totalSpaghettiSmelly,1
nutch,totalRepoComplexClean,268603
nutch,totalRepoComplexSmelly,14471
nutch,totalRepocouplingClean,280818
nutch,totalRepocouplingSmelly,2256
Mycat-Server,totalRepoGodClean,59561
Mycat-Server,totalRepoGodSmelly,2335
Mycat-Server,totalRepoGodPMDClean,61595
Mycat-Server,totalRepoGodPMDSmelly,301
Mycat-Server,totalSpaghettiClean,61669
Mycat-Server,totalSpaghettiSmelly,227
Mycat-Server,totalRepoComplexClean,59817
Mycat-Server,totalRepoComplexSmelly,2079
Mycat-Server,totalRepocouplingClean,61683
Mycat-Server,totalRepocouplingSmelly,213
incubator-dubbo,totalRepoGodClean,716450
incubator-dubbo,totalRepoGodSmelly,7043
incubator-dubbo,totalRepoGodPMDClean,722877
incubator-dubbo,totalRepoGodPMDSmelly,616
incubator-dubbo,totalSpaghettiClean,722996
incubator-dubbo,totalSpaghettiSmelly,497
incubator-dubbo,totalRepoComplexClean,719396
incubator-dubbo,totalRepoComplexSmelly,4097
incubator-dubbo,totalRepocouplingClean,721296
incubator-dubbo,totalRepocouplingSmelly,2197
symphony,totalRepoGodClean,258348
symphony,totalRepoGodSmelly,16318
symphony,totalRepoGodPMDClean,269939
symphony,totalRepoGodPMDSmelly,4727
symphony,totalSpaghettiClean,270381
symphony,totalSpaghettiSmelly,4285
symphony,totalRepoComplexClean,250834
symphony,totalRepoComplexSmelly,23832
symphony,totalRepocouplingClean,274666
symphony,totalRepocouplingSmelly,0
mybatis-plus,totalRepoGodClean,215020
mybatis-plus,totalRepoGodSmelly,1951
mybatis-plus,totalRepoGodPMDClean,216623
mybatis-plus,totalRepoGodPMDSmelly,348
mybatis-plus,totalSpaghettiClean,216626
mybatis-plus,totalSpaghettiSmelly,345
mybatis-plus,totalRepoComplexClean,214279
mybatis-plus,totalRepoComplexSmelly,2692
mybatis-plus,totalRepocouplingClean,216174
mybatis-plus,totalRepocouplingSmelly,797