smell,prediction,slope,repo,AUC,TPR,FPR
isCouplingBtwObjects,120,10,cas,0.865,0.75,0.02
isCouplingBtwObjects,120,10,ksql,0.835,0.71,0.04
isCouplingBtwObjects,120,10,material-theme-jetbrains,0.705,0.41,0
isCouplingBtwObjects,120,10,mybatis-3,0.9,0.81,0.01
isCouplingBtwObjects,120,10,mybatis-plus,0.91,0.83,0.01
isCouplingBtwObjects,120,10,okhttp,0.74,0.49,0.01
isCouplingBtwObjects,120,10,incubator-skywalking,0.64,0.28,0
isCouplingBtwObjects,120,10,beam,0.825,0.71,0.06
isCouplingBtwObjects,120,2,cas,0.755,0.53,0.02
isCouplingBtwObjects,120,2,incubator-dubbo,0.585,0.17,0
isCouplingBtwObjects,120,2,ksql,0.965,0.99,0.06
isCouplingBtwObjects,120,2,material-theme-jetbrains,0.645,0.29,0
isCouplingBtwObjects,120,2,mybatis-3,0.835,0.67,0
isCouplingBtwObjects,120,2,mybatis-plus,0.915,0.83,0
isCouplingBtwObjects,120,2,okhttp,0.7,0.41,0.01
isCouplingBtwObjects,120,2,incubator-skywalking,0.57,0.14,0
isCouplingBtwObjects,120,2,beam,0.8,0.65,0.05
isCouplingBtwObjects,120,2,Bukkit,0.585,0.17,0
isCouplingBtwObjects,120,20,cas,0.82,0.65,0.01
isCouplingBtwObjects,120,20,ksql,0.98,1,0.04
isCouplingBtwObjects,120,20,material-theme-jetbrains,0.68,0.36,0
isCouplingBtwObjects,120,20,mybatis-3,0.905,0.81,0
isCouplingBtwObjects,120,20,mybatis-plus,0.91,0.83,0.01
isCouplingBtwObjects,120,20,okhttp,0.635,0.28,0.01
isCouplingBtwObjects,120,20,incubator-skywalking,0.685,0.37,0
isCouplingBtwObjects,120,20,beam,0.785,0.63,0.06
isCouplingBtwObjects,120,5,cas,0.805,0.63,0.02
isCouplingBtwObjects,120,5,ksql,0.96,0.97,0.05
isCouplingBtwObjects,120,5,material-theme-jetbrains,0.685,0.37,0
isCouplingBtwObjects,120,5,mybatis-3,0.905,0.81,0
isCouplingBtwObjects,120,5,mybatis-plus,0.905,0.82,0.01
isCouplingBtwObjects,120,5,okhttp,0.65,0.31,0.01
isCouplingBtwObjects,120,5,incubator-skywalking,0.65,0.3,0
isCouplingBtwObjects,120,5,beam,0.82,0.7,0.06
isCouplingBtwObjects,120,5,Bukkit,0.625,0.25,0
isCouplingBtwObjects,15,10,cas,0.925,0.88,0.03
isCouplingBtwObjects,15,10,ksql,0.96,1,0.08
isCouplingBtwObjects,15,10,material-theme-jetbrains,0.655,0.32,0.01
isCouplingBtwObjects,15,10,mybatis-3,0.92,0.85,0.01
isCouplingBtwObjects,15,10,okhttp,0.87,0.81,0.07
isCouplingBtwObjects,15,10,incubator-skywalking,0.805,0.61,0
isCouplingBtwObjects,15,10,beam,0.76,0.61,0.09
isCouplingBtwObjects,15,10,Bukkit,0.585,0.17,0
isCouplingBtwObjects,15,2,cas,0.84,0.69,0.01
isCouplingBtwObjects,15,2,ksql,0.94,0.96,0.08
isCouplingBtwObjects,15,2,material-theme-jetbrains,0.74,0.49,0.01
isCouplingBtwObjects,15,2,mybatis-3,0.915,0.84,0.01
isCouplingBtwObjects,15,2,okhttp,0.88,0.81,0.05
isCouplingBtwObjects,15,2,incubator-skywalking,0.615,0.23,0
isCouplingBtwObjects,15,2,beam,0.76,0.61,0.09
isCouplingBtwObjects,15,2,Bukkit,0.61,0.22,0
isCouplingBtwObjects,15,20,cas,0.805,0.63,0.02
isCouplingBtwObjects,15,20,ksql,0.89,0.83,0.05
isCouplingBtwObjects,15,20,material-theme-jetbrains,0.65,0.3,0
isCouplingBtwObjects,15,20,mybatis-3,0.865,0.75,0.02
isCouplingBtwObjects,15,20,okhttp,0.795,0.65,0.06
isCouplingBtwObjects,15,20,incubator-skywalking,0.69,0.38,0
isCouplingBtwObjects,15,20,beam,0.835,0.77,0.1
isCouplingBtwObjects,15,20,Bukkit,0.585,0.17,0
isCouplingBtwObjects,15,5,cas,0.83,0.67,0.01
isCouplingBtwObjects,15,5,ksql,0.97,1,0.06
isCouplingBtwObjects,15,5,material-theme-jetbrains,0.74,0.48,0
isCouplingBtwObjects,15,5,mybatis-3,0.875,0.76,0.01
isCouplingBtwObjects,15,5,okhttp,0.875,0.82,0.07
isCouplingBtwObjects,15,5,incubator-skywalking,0.75,0.5,0
isCouplingBtwObjects,15,5,beam,0.76,0.6,0.08
isCouplingBtwObjects,15,5,Bukkit,0.665,0.33,0
isCouplingBtwObjects,30,10,cas,0.785,0.58,0.01
isCouplingBtwObjects,30,10,ksql,0.895,0.83,0.04
isCouplingBtwObjects,30,10,material-theme-jetbrains,0.795,0.59,0
isCouplingBtwObjects,30,10,mybatis-3,0.94,0.9,0.02
isCouplingBtwObjects,30,10,mybatis-plus,0.9,0.83,0.03
isCouplingBtwObjects,30,10,beam,0.855,0.79,0.08
isCouplingBtwObjects,30,2,cas,0.8,0.61,0.01
isCouplingBtwObjects,30,2,ksql,0.96,0.99,0.07
isCouplingBtwObjects,30,2,material-theme-jetbrains,0.765,0.53,0
isCouplingBtwObjects,30,2,mybatis-3,0.82,0.66,0.02
isCouplingBtwObjects,30,2,mybatis-plus,0.99,1,0.02
isCouplingBtwObjects,30,2,beam,0.8,0.67,0.07
isCouplingBtwObjects,30,2,Bukkit,0.645,0.29,0
isCouplingBtwObjects,30,20,cas,0.795,0.6,0.01
isCouplingBtwObjects,30,20,ksql,0.96,1,0.08
isCouplingBtwObjects,30,20,material-theme-jetbrains,0.59,0.18,0
isCouplingBtwObjects,30,20,mybatis-3,0.96,0.93,0.01
isCouplingBtwObjects,30,20,mybatis-plus,0.9,0.82,0.02
isCouplingBtwObjects,30,20,beam,0.825,0.71,0.06
isCouplingBtwObjects,30,5,cas,0.725,0.46,0.01
isCouplingBtwObjects,30,5,ksql,0.97,1,0.06
isCouplingBtwObjects,30,5,material-theme-jetbrains,0.605,0.21,0
isCouplingBtwObjects,30,5,mybatis-3,0.825,0.67,0.02
isCouplingBtwObjects,30,5,mybatis-plus,0.905,0.83,0.02
isCouplingBtwObjects,30,5,beam,0.845,0.73,0.04
isCouplingBtwObjects,30,5,Bukkit,0.585,0.17,0
isCouplingBtwObjects,60,10,cas,0.8,0.61,0.01
isCouplingBtwObjects,60,10,ksql,0.97,1,0.06
isCouplingBtwObjects,60,10,material-theme-jetbrains,0.69,0.38,0
isCouplingBtwObjects,60,10,mybatis-3,0.815,0.64,0.01
isCouplingBtwObjects,60,10,mybatis-plus,0.9,0.82,0.02
isCouplingBtwObjects,60,10,okhttp,0.785,0.6,0.03
isCouplingBtwObjects,60,10,beam,0.81,0.67,0.05
isCouplingBtwObjects,60,2,cas,0.805,0.62,0.01
isCouplingBtwObjects,60,2,ksql,0.97,1,0.06
isCouplingBtwObjects,60,2,material-theme-jetbrains,0.695,0.39,0
isCouplingBtwObjects,60,2,mybatis-3,0.855,0.71,0
isCouplingBtwObjects,60,2,mybatis-plus,0.91,0.82,0
isCouplingBtwObjects,60,2,okhttp,0.795,0.59,0
isCouplingBtwObjects,60,2,beam,0.77,0.58,0.04
isCouplingBtwObjects,60,20,cas,0.77,0.54,0
isCouplingBtwObjects,60,20,ksql,0.97,0.99,0.05
isCouplingBtwObjects,60,20,material-theme-jetbrains,0.78,0.56,0
isCouplingBtwObjects,60,20,mybatis-3,0.81,0.63,0.01
isCouplingBtwObjects,60,20,mybatis-plus,0.915,0.83,0
isCouplingBtwObjects,60,20,okhttp,0.585,0.17,0
isCouplingBtwObjects,60,20,beam,0.77,0.58,0.04
isCouplingBtwObjects,60,20,Bukkit,0.585,0.17,0
isCouplingBtwObjects,60,5,cas,0.685,0.38,0.01
isCouplingBtwObjects,60,5,ksql,0.965,0.98,0.05
isCouplingBtwObjects,60,5,material-theme-jetbrains,0.82,0.64,0
isCouplingBtwObjects,60,5,mybatis-3,0.82,0.64,0
isCouplingBtwObjects,60,5,mybatis-plus,0.895,0.8,0.01
isCouplingBtwObjects,60,5,okhttp,0.635,0.29,0.02
isCouplingBtwObjects,60,5,beam,0.84,0.74,0.06
isCouplingBtwObjects,90,10,cas,0.875,0.76,0.01
isCouplingBtwObjects,90,10,ksql,0.95,0.95,0.05
isCouplingBtwObjects,90,10,material-theme-jetbrains,0.645,0.29,0
isCouplingBtwObjects,90,10,mybatis-3,0.91,0.83,0.01
isCouplingBtwObjects,90,10,mybatis-plus,0.91,0.83,0.01
isCouplingBtwObjects,90,10,okhttp,0.78,0.58,0.02
isCouplingBtwObjects,90,10,beam,0.76,0.57,0.05
isCouplingBtwObjects,90,2,cas,0.8,0.61,0.01
isCouplingBtwObjects,90,2,ksql,0.89,0.83,0.05
isCouplingBtwObjects,90,2,material-theme-jetbrains,0.675,0.35,0
isCouplingBtwObjects,90,2,mybatis-3,0.85,0.71,0.01
isCouplingBtwObjects,90,2,mybatis-plus,0.83,0.67,0.01
isCouplingBtwObjects,90,2,okhttp,0.62,0.25,0.01
isCouplingBtwObjects,90,2,beam,0.72,0.49,0.05
isCouplingBtwObjects,90,20,cas,0.715,0.44,0.01
isCouplingBtwObjects,90,20,ksql,0.97,1,0.06
isCouplingBtwObjects,90,20,material-theme-jetbrains,0.615,0.23,0
isCouplingBtwObjects,90,20,mybatis-3,0.845,0.7,0.01
isCouplingBtwObjects,90,20,mybatis-plus,0.9,0.81,0.01
isCouplingBtwObjects,90,20,okhttp,0.725,0.45,0
isCouplingBtwObjects,90,20,beam,0.735,0.51,0.04
isCouplingBtwObjects,90,5,cas,0.8,0.61,0.01
isCouplingBtwObjects,90,5,ksql,0.84,0.73,0.05
isCouplingBtwObjects,90,5,material-theme-jetbrains,0.65,0.3,0
isCouplingBtwObjects,90,5,mybatis-3,0.83,0.67,0.01
isCouplingBtwObjects,90,5,mybatis-plus,0.99,1,0.02
isCouplingBtwObjects,90,5,okhttp,0.8,0.6,0
isCouplingBtwObjects,90,5,beam,0.795,0.64,0.05
isCouplingBtwObjects,90,5,Bukkit,0.54,0.08,0
isCouplingBtwObjects,releases,10,cas,0.745,0.5,0.01
isCouplingBtwObjects,releases,10,ksql,0.85,0.75,0.05
isCouplingBtwObjects,releases,10,material-theme-jetbrains,0.66,0.32,0
isCouplingBtwObjects,releases,10,mybatis-3,0.835,0.67,0
isCouplingBtwObjects,releases,10,mybatis-plus,0.79,0.59,0.01
isCouplingBtwObjects,releases,10,okhttp,0.755,0.52,0.01
isCouplingBtwObjects,releases,10,beam,0.765,0.58,0.05
isCouplingBtwObjects,releases,2,cas,0.77,0.55,0.01
isCouplingBtwObjects,releases,2,incubator-dubbo,0.585,0.17,0
isCouplingBtwObjects,releases,2,ksql,0.86,0.75,0.03
isCouplingBtwObjects,releases,2,material-theme-jetbrains,0.685,0.37,0
isCouplingBtwObjects,releases,2,mybatis-3,0.91,0.83,0.01
isCouplingBtwObjects,releases,2,mybatis-plus,0.91,0.83,0.01
isCouplingBtwObjects,releases,2,okhttp,0.66,0.32,0
isCouplingBtwObjects,releases,2,beam,0.73,0.51,0.05
isCouplingBtwObjects,releases,20,cas,0.75,0.51,0.01
isCouplingBtwObjects,releases,20,incubator-dubbo,0.585,0.17,0
isCouplingBtwObjects,releases,20,ksql,0.88,0.8,0.04
isCouplingBtwObjects,releases,20,material-theme-jetbrains,0.62,0.24,0
isCouplingBtwObjects,releases,20,mybatis-3,0.805,0.62,0.01
isCouplingBtwObjects,releases,20,mybatis-plus,0.91,0.82,0
isCouplingBtwObjects,releases,20,okhttp,0.685,0.39,0.02
isCouplingBtwObjects,releases,20,beam,0.75,0.56,0.06
isCouplingBtwObjects,releases,5,cas,0.72,0.45,0.01
isCouplingBtwObjects,releases,5,ksql,0.875,0.79,0.04
isCouplingBtwObjects,releases,5,material-theme-jetbrains,0.635,0.27,0
isCouplingBtwObjects,releases,5,mybatis-3,0.89,0.79,0.01
isCouplingBtwObjects,releases,5,mybatis-plus,0.895,0.8,0.01
isCouplingBtwObjects,releases,5,okhttp,0.705,0.41,0
isCouplingBtwObjects,releases,5,beam,0.74,0.53,0.05
isCouplingBtwObjects,releases,5,Bukkit,0.62,0.25,0.01
isCyclomaticComplexity,120,10,cas,0.545,0.12,0.03
isCyclomaticComplexity,120,10,cucumber-jvm,0.615,0.26,0.03
isCyclomaticComplexity,120,10,incubator-dubbo,0.585,0.18,0.01
isCyclomaticComplexity,120,10,incubator-heron,0.58,0.18,0.02
isCyclomaticComplexity,120,10,ksql,0.545,0.12,0.03
isCyclomaticComplexity,120,10,mybatis-3,0.545,0.11,0.02
isCyclomaticComplexity,120,10,mybatis-plus,0.61,0.28,0.06
isCyclomaticComplexity,120,10,nutch,0.54,0.1,0.02
isCyclomaticComplexity,120,10,okhttp,0.615,0.29,0.06
isCyclomaticComplexity,120,10,zipkin,0.605,0.24,0.03
isCyclomaticComplexity,120,10,incubator-skywalking,0.605,0.24,0.03
isCyclomaticComplexity,120,10,async-http-client,0.575,0.18,0.03
isCyclomaticComplexity,120,10,azkaban,0.595,0.22,0.03
isCyclomaticComplexity,120,10,beam,0.615,0.26,0.03
isCyclomaticComplexity,120,10,Bukkit,0.57,0.15,0.01
isCyclomaticComplexity,120,2,cas,0.53,0.07,0.01
isCyclomaticComplexity,120,2,cucumber-jvm,0.61,0.24,0.02
isCyclomaticComplexity,120,2,incubator-dubbo,0.565,0.14,0.01
isCyclomaticComplexity,120,2,incubator-heron,0.635,0.29,0.02
isCyclomaticComplexity,120,2,ksql,0.595,0.23,0.04
isCyclomaticComplexity,120,2,mybatis-3,0.53,0.07,0.01
isCyclomaticComplexity,120,2,mybatis-plus,0.56,0.17,0.05
isCyclomaticComplexity,120,2,nutch,0.55,0.13,0.03
isCyclomaticComplexity,120,2,okhttp,0.655,0.37,0.06
isCyclomaticComplexity,120,2,zipkin,0.605,0.24,0.03
isCyclomaticComplexity,120,2,incubator-skywalking,0.54,0.1,0.02
isCyclomaticComplexity,120,2,async-http-client,0.565,0.16,0.03
isCyclomaticComplexity,120,2,azkaban,0.64,0.34,0.06
isCyclomaticComplexity,120,2,beam,0.58,0.18,0.02
isCyclomaticComplexity,120,2,Bukkit,0.59,0.18,0
isCyclomaticComplexity,120,20,cas,0.545,0.11,0.02
isCyclomaticComplexity,120,20,cucumber-jvm,0.625,0.28,0.03
isCyclomaticComplexity,120,20,incubator-dubbo,0.57,0.15,0.01
isCyclomaticComplexity,120,20,incubator-heron,0.63,0.27,0.01
isCyclomaticComplexity,120,20,ksql,0.6,0.25,0.05
isCyclomaticComplexity,120,20,mybatis-3,0.555,0.14,0.03
isCyclomaticComplexity,120,20,mybatis-plus,0.54,0.13,0.05
isCyclomaticComplexity,120,20,nutch,0.565,0.15,0.02
isCyclomaticComplexity,120,20,okhttp,0.665,0.39,0.06
isCyclomaticComplexity,120,20,zipkin,0.6,0.22,0.02
isCyclomaticComplexity,120,20,incubator-skywalking,0.61,0.25,0.03
isCyclomaticComplexity,120,20,async-http-client,0.605,0.24,0.03
isCyclomaticComplexity,120,20,azkaban,0.62,0.27,0.03
isCyclomaticComplexity,120,20,beam,0.59,0.2,0.02
isCyclomaticComplexity,120,20,Bukkit,0.575,0.16,0.01
isCyclomaticComplexity,120,5,cas,0.545,0.11,0.02
isCyclomaticComplexity,120,5,cucumber-jvm,0.615,0.27,0.04
isCyclomaticComplexity,120,5,incubator-dubbo,0.61,0.23,0.01
isCyclomaticComplexity,120,5,incubator-heron,0.6,0.21,0.01
isCyclomaticComplexity,120,5,ksql,0.535,0.1,0.03
isCyclomaticComplexity,120,5,mybatis-3,0.54,0.09,0.01
isCyclomaticComplexity,120,5,mybatis-plus,0.55,0.16,0.06
isCyclomaticComplexity,120,5,nutch,0.56,0.14,0.02
isCyclomaticComplexity,120,5,okhttp,0.66,0.41,0.09
isCyclomaticComplexity,120,5,zipkin,0.595,0.21,0.02
isCyclomaticComplexity,120,5,incubator-skywalking,0.585,0.19,0.02
isCyclomaticComplexity,120,5,async-http-client,0.61,0.26,0.04
isCyclomaticComplexity,120,5,azkaban,0.62,0.28,0.04
isCyclomaticComplexity,120,5,beam,0.585,0.19,0.02
isCyclomaticComplexity,120,5,Bukkit,0.6,0.21,0.01
isCyclomaticComplexity,15,10,cas,0.66,0.33,0.01
isCyclomaticComplexity,15,10,HikariCP,0.695,0.46,0.07
isCyclomaticComplexity,15,10,incubator-dubbo,0.625,0.27,0.02
isCyclomaticComplexity,15,10,material-theme-jetbrains,0.75,0.55,0.05
isCyclomaticComplexity,15,10,mybatis-plus,0.685,0.46,0.09
isCyclomaticComplexity,15,10,Mycat-Server,0.7,0.51,0.11
isCyclomaticComplexity,15,10,nutch,0.63,0.28,0.02
isCyclomaticComplexity,15,10,okhttp,0.645,0.38,0.09
isCyclomaticComplexity,15,10,symphony,0.565,0.16,0.03
isCyclomaticComplexity,15,10,zipkin,0.66,0.36,0.04
isCyclomaticComplexity,15,10,incubator-skywalking,0.61,0.26,0.04
isCyclomaticComplexity,15,10,async-http-client,0.665,0.36,0.03
isCyclomaticComplexity,15,10,beam,0.705,0.47,0.06
isCyclomaticComplexity,15,10,Bukkit,0.59,0.19,0.01
isCyclomaticComplexity,15,2,cas,0.585,0.18,0.01
isCyclomaticComplexity,15,2,HikariCP,0.7,0.46,0.06
isCyclomaticComplexity,15,2,incubator-dubbo,0.57,0.15,0.01
isCyclomaticComplexity,15,2,material-theme-jetbrains,0.735,0.52,0.05
isCyclomaticComplexity,15,2,mybatis-plus,0.72,0.51,0.07
isCyclomaticComplexity,15,2,Mycat-Server,0.725,0.57,0.12
isCyclomaticComplexity,15,2,nutch,0.615,0.25,0.02
isCyclomaticComplexity,15,2,okhttp,0.64,0.38,0.1
isCyclomaticComplexity,15,2,symphony,0.555,0.13,0.02
isCyclomaticComplexity,15,2,zipkin,0.645,0.33,0.04
isCyclomaticComplexity,15,2,incubator-skywalking,0.635,0.3,0.03
isCyclomaticComplexity,15,2,async-http-client,0.595,0.22,0.03
isCyclomaticComplexity,15,2,beam,0.69,0.44,0.06
isCyclomaticComplexity,15,2,Bukkit,0.64,0.29,0.01
isCyclomaticComplexity,15,20,cas,0.595,0.2,0.01
isCyclomaticComplexity,15,20,HikariCP,0.62,0.33,0.09
isCyclomaticComplexity,15,20,incubator-dubbo,0.595,0.22,0.03
isCyclomaticComplexity,15,20,material-theme-jetbrains,0.72,0.49,0.05
isCyclomaticComplexity,15,20,mybatis-plus,0.675,0.44,0.09
isCyclomaticComplexity,15,20,Mycat-Server,0.625,0.34,0.09
isCyclomaticComplexity,15,20,nutch,0.615,0.25,0.02
isCyclomaticComplexity,15,20,okhttp,0.655,0.38,0.07
isCyclomaticComplexity,15,20,symphony,0.58,0.19,0.03
isCyclomaticComplexity,15,20,zipkin,0.655,0.34,0.03
isCyclomaticComplexity,15,20,incubator-skywalking,0.59,0.2,0.02
isCyclomaticComplexity,15,20,async-http-client,0.655,0.36,0.05
isCyclomaticComplexity,15,20,beam,0.63,0.3,0.04
isCyclomaticComplexity,15,20,Bukkit,0.595,0.2,0.01
isCyclomaticComplexity,15,5,cas,0.635,0.28,0.01
isCyclomaticComplexity,15,5,HikariCP,0.65,0.36,0.06
isCyclomaticComplexity,15,5,incubator-dubbo,0.6,0.23,0.03
isCyclomaticComplexity,15,5,material-theme-jetbrains,0.755,0.56,0.05
isCyclomaticComplexity,15,5,mybatis-plus,0.745,0.59,0.1
isCyclomaticComplexity,15,5,Mycat-Server,0.705,0.51,0.1
isCyclomaticComplexity,15,5,nutch,0.625,0.27,0.02
isCyclomaticComplexity,15,5,okhttp,0.63,0.32,0.06
isCyclomaticComplexity,15,5,symphony,0.595,0.21,0.02
isCyclomaticComplexity,15,5,zipkin,0.635,0.3,0.03
isCyclomaticComplexity,15,5,incubator-skywalking,0.615,0.25,0.02
isCyclomaticComplexity,15,5,async-http-client,0.695,0.42,0.03
isCyclomaticComplexity,15,5,beam,0.635,0.32,0.05
isCyclomaticComplexity,15,5,Bukkit,0.635,0.28,0.01
isCyclomaticComplexity,30,10,cas,0.635,0.29,0.02
isCyclomaticComplexity,30,10,cucumber-jvm,0.65,0.32,0.02
isCyclomaticComplexity,30,10,HikariCP,0.74,0.57,0.09
isCyclomaticComplexity,30,10,incubator-dubbo,0.595,0.21,0.02
isCyclomaticComplexity,30,10,incubator-heron,0.655,0.32,0.01
isCyclomaticComplexity,30,10,ksql,0.6,0.24,0.04
isCyclomaticComplexity,30,10,material-theme-jetbrains,0.715,0.49,0.06
isCyclomaticComplexity,30,10,mybatis-plus,0.66,0.39,0.07
isCyclomaticComplexity,30,10,Mycat-Server,0.625,0.34,0.09
isCyclomaticComplexity,30,10,nutch,0.56,0.15,0.03
isCyclomaticComplexity,30,10,okhttp,0.63,0.31,0.05
isCyclomaticComplexity,30,10,symphony,0.54,0.09,0.01
isCyclomaticComplexity,30,10,zipkin,0.64,0.31,0.03
isCyclomaticComplexity,30,10,incubator-skywalking,0.575,0.16,0.01
isCyclomaticComplexity,30,10,async-http-client,0.615,0.26,0.03
isCyclomaticComplexity,30,10,beam,0.585,0.21,0.04
isCyclomaticComplexity,30,10,Bukkit,0.595,0.2,0.01
isCyclomaticComplexity,30,2,cas,0.59,0.19,0.01
isCyclomaticComplexity,30,2,cucumber-jvm,0.68,0.38,0.02
isCyclomaticComplexity,30,2,HikariCP,0.765,0.6,0.07
isCyclomaticComplexity,30,2,incubator-dubbo,0.59,0.2,0.02
isCyclomaticComplexity,30,2,incubator-heron,0.685,0.39,0.02
isCyclomaticComplexity,30,2,ksql,0.575,0.17,0.02
isCyclomaticComplexity,30,2,material-theme-jetbrains,0.725,0.51,0.06
isCyclomaticComplexity,30,2,mybatis-plus,0.63,0.32,0.06
isCyclomaticComplexity,30,2,Mycat-Server,0.645,0.37,0.08
isCyclomaticComplexity,30,2,nutch,0.59,0.2,0.02
isCyclomaticComplexity,30,2,okhttp,0.57,0.2,0.06
isCyclomaticComplexity,30,2,symphony,0.56,0.15,0.03
isCyclomaticComplexity,30,2,zipkin,0.6,0.22,0.02
isCyclomaticComplexity,30,2,incubator-skywalking,0.605,0.23,0.02
isCyclomaticComplexity,30,2,async-http-client,0.61,0.25,0.03
isCyclomaticComplexity,30,2,beam,0.575,0.17,0.02
isCyclomaticComplexity,30,2,Bukkit,0.585,0.18,0.01
isCyclomaticComplexity,30,20,cas,0.585,0.18,0.01
isCyclomaticComplexity,30,20,cucumber-jvm,0.615,0.25,0.02
isCyclomaticComplexity,30,20,HikariCP,0.69,0.45,0.07
isCyclomaticComplexity,30,20,incubator-dubbo,0.62,0.26,0.02
isCyclomaticComplexity,30,20,incubator-heron,0.605,0.22,0.01
isCyclomaticComplexity,30,20,ksql,0.595,0.22,0.03
isCyclomaticComplexity,30,20,material-theme-jetbrains,0.705,0.46,0.05
isCyclomaticComplexity,30,20,mybatis-plus,0.655,0.38,0.07
isCyclomaticComplexity,30,20,Mycat-Server,0.605,0.29,0.08
isCyclomaticComplexity,30,20,nutch,0.635,0.3,0.03
isCyclomaticComplexity,30,20,okhttp,0.6,0.25,0.05
isCyclomaticComplexity,30,20,symphony,0.555,0.14,0.03
isCyclomaticComplexity,30,20,zipkin,0.635,0.3,0.03
isCyclomaticComplexity,30,20,incubator-skywalking,0.605,0.22,0.01
isCyclomaticComplexity,30,20,async-http-client,0.575,0.19,0.04
isCyclomaticComplexity,30,20,beam,0.615,0.27,0.04
isCyclomaticComplexity,30,20,Bukkit,0.59,0.19,0.01
isCyclomaticComplexity,30,5,cas,0.645,0.3,0.01
isCyclomaticComplexity,30,5,cucumber-jvm,0.64,0.29,0.01
isCyclomaticComplexity,30,5,HikariCP,0.7,0.46,0.06
isCyclomaticComplexity,30,5,incubator-dubbo,0.58,0.17,0.01
isCyclomaticComplexity,30,5,incubator-heron,0.63,0.27,0.01
isCyclomaticComplexity,30,5,ksql,0.57,0.19,0.05
isCyclomaticComplexity,30,5,material-theme-jetbrains,0.725,0.5,0.05
isCyclomaticComplexity,30,5,mybatis-plus,0.7,0.44,0.04
isCyclomaticComplexity,30,5,Mycat-Server,0.57,0.25,0.11
isCyclomaticComplexity,30,5,nutch,0.605,0.23,0.02
isCyclomaticComplexity,30,5,okhttp,0.65,0.37,0.07
isCyclomaticComplexity,30,5,symphony,0.605,0.24,0.03
isCyclomaticComplexity,30,5,zipkin,0.58,0.19,0.03
isCyclomaticComplexity,30,5,incubator-skywalking,0.615,0.25,0.02
isCyclomaticComplexity,30,5,async-http-client,0.61,0.24,0.02
isCyclomaticComplexity,30,5,beam,0.59,0.22,0.04
isCyclomaticComplexity,30,5,Bukkit,0.585,0.18,0.01
isCyclomaticComplexity,60,10,cas,0.585,0.18,0.01
isCyclomaticComplexity,60,10,incubator-dubbo,0.59,0.19,0.01
isCyclomaticComplexity,60,10,incubator-heron,0.575,0.16,0.01
isCyclomaticComplexity,60,10,ksql,0.545,0.12,0.03
isCyclomaticComplexity,60,10,material-theme-jetbrains,0.67,0.37,0.03
isCyclomaticComplexity,60,10,mybatis-3,0.62,0.26,0.02
isCyclomaticComplexity,60,10,mybatis-plus,0.58,0.21,0.05
isCyclomaticComplexity,60,10,nutch,0.545,0.14,0.05
isCyclomaticComplexity,60,10,okhttp,0.645,0.34,0.05
isCyclomaticComplexity,60,10,symphony,0.525,0.06,0.01
isCyclomaticComplexity,60,10,zipkin,0.64,0.3,0.02
isCyclomaticComplexity,60,10,incubator-skywalking,0.59,0.2,0.02
isCyclomaticComplexity,60,10,async-http-client,0.575,0.19,0.04
isCyclomaticComplexity,60,10,azkaban,0.625,0.28,0.03
isCyclomaticComplexity,60,10,beam,0.55,0.11,0.01
isCyclomaticComplexity,60,10,Bukkit,0.58,0.17,0.01
isCyclomaticComplexity,60,2,cas,0.55,0.11,0.01
isCyclomaticComplexity,60,2,incubator-dubbo,0.625,0.26,0.01
isCyclomaticComplexity,60,2,incubator-heron,0.635,0.29,0.02
isCyclomaticComplexity,60,2,ksql,0.565,0.16,0.03
isCyclomaticComplexity,60,2,material-theme-jetbrains,0.705,0.45,0.04
isCyclomaticComplexity,60,2,mybatis-3,0.56,0.15,0.03
isCyclomaticComplexity,60,2,mybatis-plus,0.635,0.32,0.05
isCyclomaticComplexity,60,2,nutch,0.605,0.24,0.03
isCyclomaticComplexity,60,2,okhttp,0.68,0.42,0.06
isCyclomaticComplexity,60,2,symphony,0.565,0.15,0.02
isCyclomaticComplexity,60,2,zipkin,0.685,0.39,0.02
isCyclomaticComplexity,60,2,incubator-skywalking,0.565,0.14,0.01
isCyclomaticComplexity,60,2,async-http-client,0.625,0.27,0.02
isCyclomaticComplexity,60,2,azkaban,0.605,0.25,0.04
isCyclomaticComplexity,60,2,beam,0.59,0.2,0.02
isCyclomaticComplexity,60,2,Bukkit,0.575,0.15,0
isCyclomaticComplexity,60,20,cas,0.585,0.18,0.01
isCyclomaticComplexity,60,20,incubator-dubbo,0.62,0.26,0.02
isCyclomaticComplexity,60,20,incubator-heron,0.63,0.27,0.01
isCyclomaticComplexity,60,20,ksql,0.555,0.13,0.02
isCyclomaticComplexity,60,20,material-theme-jetbrains,0.64,0.31,0.03
isCyclomaticComplexity,60,20,mybatis-3,0.55,0.13,0.03
isCyclomaticComplexity,60,20,mybatis-plus,0.58,0.23,0.07
isCyclomaticComplexity,60,20,nutch,0.575,0.2,0.05
isCyclomaticComplexity,60,20,okhttp,0.61,0.29,0.07
isCyclomaticComplexity,60,20,symphony,0.53,0.07,0.01
isCyclomaticComplexity,60,20,zipkin,0.605,0.24,0.03
isCyclomaticComplexity,60,20,incubator-skywalking,0.565,0.15,0.02
isCyclomaticComplexity,60,20,async-http-client,0.62,0.27,0.03
isCyclomaticComplexity,60,20,azkaban,0.6,0.22,0.02
isCyclomaticComplexity,60,20,beam,0.57,0.16,0.02
isCyclomaticComplexity,60,20,Bukkit,0.57,0.14,0
isCyclomaticComplexity,60,5,cas,0.54,0.09,0.01
isCyclomaticComplexity,60,5,incubator-dubbo,0.555,0.12,0.01
isCyclomaticComplexity,60,5,incubator-heron,0.63,0.28,0.02
isCyclomaticComplexity,60,5,ksql,0.58,0.2,0.04
isCyclomaticComplexity,60,5,material-theme-jetbrains,0.67,0.38,0.04
isCyclomaticComplexity,60,5,mybatis-3,0.58,0.19,0.03
isCyclomaticComplexity,60,5,mybatis-plus,0.575,0.23,0.08
isCyclomaticComplexity,60,5,nutch,0.59,0.21,0.03
isCyclomaticComplexity,60,5,okhttp,0.625,0.33,0.08
isCyclomaticComplexity,60,5,symphony,0.545,0.1,0.01
isCyclomaticComplexity,60,5,zipkin,0.595,0.22,0.03
isCyclomaticComplexity,60,5,incubator-skywalking,0.585,0.18,0.01
isCyclomaticComplexity,60,5,async-http-client,0.595,0.24,0.05
isCyclomaticComplexity,60,5,azkaban,0.62,0.28,0.04
isCyclomaticComplexity,60,5,beam,0.54,0.1,0.02
isCyclomaticComplexity,60,5,Bukkit,0.565,0.13,0
isCyclomaticComplexity,90,10,cas,0.525,0.06,0.01
isCyclomaticComplexity,90,10,cucumber-jvm,0.595,0.21,0.02
isCyclomaticComplexity,90,10,incubator-dubbo,0.58,0.17,0.01
isCyclomaticComplexity,90,10,incubator-heron,0.675,0.37,0.02
isCyclomaticComplexity,90,10,ksql,0.545,0.12,0.03
isCyclomaticComplexity,90,10,mybatis-3,0.57,0.16,0.02
isCyclomaticComplexity,90,10,mybatis-plus,0.595,0.25,0.06
isCyclomaticComplexity,90,10,nutch,0.56,0.14,0.02
isCyclomaticComplexity,90,10,okhttp,0.675,0.42,0.07
isCyclomaticComplexity,90,10,zipkin,0.62,0.26,0.02
isCyclomaticComplexity,90,10,incubator-skywalking,0.595,0.21,0.02
isCyclomaticComplexity,90,10,async-http-client,0.59,0.21,0.03
isCyclomaticComplexity,90,10,azkaban,0.66,0.35,0.03
isCyclomaticComplexity,90,10,beam,0.55,0.12,0.02
isCyclomaticComplexity,90,10,Bukkit,0.565,0.13,0
isCyclomaticComplexity,90,2,cas,0.56,0.13,0.01
isCyclomaticComplexity,90,2,cucumber-jvm,0.59,0.19,0.01
isCyclomaticComplexity,90,2,incubator-dubbo,0.59,0.19,0.01
isCyclomaticComplexity,90,2,incubator-heron,0.625,0.27,0.02
isCyclomaticComplexity,90,2,ksql,0.515,0.05,0.02
isCyclomaticComplexity,90,2,mybatis-3,0.555,0.12,0.01
isCyclomaticComplexity,90,2,mybatis-plus,0.555,0.14,0.03
isCyclomaticComplexity,90,2,nutch,0.545,0.11,0.02
isCyclomaticComplexity,90,2,okhttp,0.625,0.29,0.04
isCyclomaticComplexity,90,2,zipkin,0.61,0.24,0.02
isCyclomaticComplexity,90,2,incubator-skywalking,0.585,0.18,0.01
isCyclomaticComplexity,90,2,async-http-client,0.6,0.21,0.01
isCyclomaticComplexity,90,2,azkaban,0.595,0.21,0.02
isCyclomaticComplexity,90,2,beam,0.545,0.1,0.01
isCyclomaticComplexity,90,2,Bukkit,0.595,0.2,0.01
isCyclomaticComplexity,90,20,cas,0.53,0.07,0.01
isCyclomaticComplexity,90,20,cucumber-jvm,0.6,0.22,0.02
isCyclomaticComplexity,90,20,incubator-dubbo,0.595,0.2,0.01
isCyclomaticComplexity,90,20,incubator-heron,0.625,0.26,0.01
isCyclomaticComplexity,90,20,ksql,0.515,0.06,0.03
isCyclomaticComplexity,90,20,mybatis-3,0.595,0.22,0.03
isCyclomaticComplexity,90,20,mybatis-plus,0.57,0.19,0.05
isCyclomaticComplexity,90,20,nutch,0.56,0.15,0.03
isCyclomaticComplexity,90,20,okhttp,0.61,0.27,0.05
isCyclomaticComplexity,90,20,zipkin,0.605,0.23,0.02
isCyclomaticComplexity,90,20,incubator-skywalking,0.58,0.19,0.03
isCyclomaticComplexity,90,20,async-http-client,0.605,0.25,0.04
isCyclomaticComplexity,90,20,azkaban,0.58,0.18,0.02
isCyclomaticComplexity,90,20,beam,0.55,0.12,0.02
isCyclomaticComplexity,90,20,Bukkit,0.58,0.16,0
isCyclomaticComplexity,90,5,cas,0.565,0.14,0.01
isCyclomaticComplexity,90,5,cucumber-jvm,0.63,0.28,0.02
isCyclomaticComplexity,90,5,incubator-dubbo,0.595,0.2,0.01
isCyclomaticComplexity,90,5,incubator-heron,0.605,0.24,0.03
isCyclomaticComplexity,90,5,ksql,0.52,0.07,0.03
isCyclomaticComplexity,90,5,mybatis-3,0.575,0.18,0.03
isCyclomaticComplexity,90,5,mybatis-plus,0.58,0.21,0.05
isCyclomaticComplexity,90,5,nutch,0.555,0.14,0.03
isCyclomaticComplexity,90,5,okhttp,0.65,0.37,0.07
isCyclomaticComplexity,90,5,zipkin,0.62,0.27,0.03
isCyclomaticComplexity,90,5,incubator-skywalking,0.55,0.11,0.01
isCyclomaticComplexity,90,5,async-http-client,0.59,0.22,0.04
isCyclomaticComplexity,90,5,azkaban,0.6,0.22,0.02
isCyclomaticComplexity,90,5,beam,0.56,0.14,0.02
isCyclomaticComplexity,90,5,Bukkit,0.57,0.15,0.01
isCyclomaticComplexity,releases,10,cas,0.525,0.06,0.01
isCyclomaticComplexity,releases,10,cucumber-jvm,0.575,0.18,0.03
isCyclomaticComplexity,releases,10,incubator-dubbo,0.565,0.14,0.01
isCyclomaticComplexity,releases,10,incubator-heron,0.605,0.22,0.01
isCyclomaticComplexity,releases,10,ksql,0.56,0.15,0.03
isCyclomaticComplexity,releases,10,mybatis-3,0.58,0.19,0.03
isCyclomaticComplexity,releases,10,mybatis-plus,0.58,0.2,0.04
isCyclomaticComplexity,releases,10,nutch,0.565,0.16,0.03
isCyclomaticComplexity,releases,10,okhttp,0.64,0.37,0.09
isCyclomaticComplexity,releases,10,zipkin,0.64,0.31,0.03
isCyclomaticComplexity,releases,10,incubator-skywalking,0.58,0.19,0.03
isCyclomaticComplexity,releases,10,async-http-client,0.605,0.24,0.03
isCyclomaticComplexity,releases,10,azkaban,0.66,0.34,0.02
isCyclomaticComplexity,releases,10,beam,0.55,0.12,0.02
isCyclomaticComplexity,releases,10,Bukkit,0.595,0.2,0.01
isCyclomaticComplexity,releases,2,cas,0.58,0.18,0.02
isCyclomaticComplexity,releases,2,cucumber-jvm,0.61,0.26,0.04
isCyclomaticComplexity,releases,2,incubator-dubbo,0.59,0.19,0.01
isCyclomaticComplexity,releases,2,incubator-heron,0.62,0.26,0.02
isCyclomaticComplexity,releases,2,ksql,0.555,0.15,0.04
isCyclomaticComplexity,releases,2,mybatis-3,0.55,0.12,0.02
isCyclomaticComplexity,releases,2,mybatis-plus,0.585,0.23,0.06
isCyclomaticComplexity,releases,2,nutch,0.555,0.14,0.03
isCyclomaticComplexity,releases,2,okhttp,0.65,0.38,0.08
isCyclomaticComplexity,releases,2,zipkin,0.63,0.28,0.02
isCyclomaticComplexity,releases,2,incubator-skywalking,0.545,0.1,0.01
isCyclomaticComplexity,releases,2,async-http-client,0.595,0.22,0.03
isCyclomaticComplexity,releases,2,azkaban,0.635,0.3,0.03
isCyclomaticComplexity,releases,2,beam,0.57,0.17,0.03
isCyclomaticComplexity,releases,2,Bukkit,0.585,0.18,0.01
isCyclomaticComplexity,releases,20,cas,0.525,0.06,0.01
isCyclomaticComplexity,releases,20,cucumber-jvm,0.61,0.25,0.03
isCyclomaticComplexity,releases,20,incubator-dubbo,0.61,0.24,0.02
isCyclomaticComplexity,releases,20,incubator-heron,0.565,0.15,0.02
isCyclomaticComplexity,releases,20,ksql,0.53,0.08,0.02
isCyclomaticComplexity,releases,20,mybatis-3,0.54,0.11,0.03
isCyclomaticComplexity,releases,20,mybatis-plus,0.6,0.22,0.02
isCyclomaticComplexity,releases,20,nutch,0.535,0.09,0.02
isCyclomaticComplexity,releases,20,okhttp,0.67,0.4,0.06
isCyclomaticComplexity,releases,20,zipkin,0.61,0.24,0.02
isCyclomaticComplexity,releases,20,incubator-skywalking,0.565,0.14,0.01
isCyclomaticComplexity,releases,20,async-http-client,0.615,0.27,0.04
isCyclomaticComplexity,releases,20,azkaban,0.615,0.25,0.02
isCyclomaticComplexity,releases,20,beam,0.575,0.17,0.02
isCyclomaticComplexity,releases,20,Bukkit,0.565,0.13,0
isCyclomaticComplexity,releases,5,cas,0.56,0.13,0.01
isCyclomaticComplexity,releases,5,cucumber-jvm,0.62,0.28,0.04
isCyclomaticComplexity,releases,5,incubator-dubbo,0.565,0.14,0.01
isCyclomaticComplexity,releases,5,incubator-heron,0.62,0.25,0.01
isCyclomaticComplexity,releases,5,ksql,0.555,0.14,0.03
isCyclomaticComplexity,releases,5,mybatis-3,0.565,0.14,0.01
isCyclomaticComplexity,releases,5,mybatis-plus,0.57,0.21,0.07
isCyclomaticComplexity,releases,5,nutch,0.56,0.14,0.02
isCyclomaticComplexity,releases,5,okhttp,0.615,0.32,0.09
isCyclomaticComplexity,releases,5,zipkin,0.625,0.28,0.03
isCyclomaticComplexity,releases,5,incubator-skywalking,0.61,0.24,0.02
isCyclomaticComplexity,releases,5,async-http-client,0.61,0.24,0.02
isCyclomaticComplexity,releases,5,azkaban,0.645,0.33,0.04
isCyclomaticComplexity,releases,5,beam,0.6,0.22,0.02
isCyclomaticComplexity,releases,5,Bukkit,0.545,0.09,0
isExcessiveClassLength,120,10,material-theme-jetbrains,0.73,0.47,0.01
isExcessiveClassLength,120,10,mybatis-plus,0.895,0.81,0.02
isExcessiveClassLength,120,10,okhttp,0.985,1,0.03
isExcessiveClassLength,120,10,symphony,0.71,0.43,0.01
isExcessiveClassLength,120,10,async-http-client,1,1,0
isExcessiveClassLength,120,10,azkaban,0.81,0.64,0.02
isExcessiveClassLength,120,10,beam,0.77,0.56,0.02
isExcessiveClassLength,120,10,Bukkit,0.845,0.69,0
isExcessiveClassLength,120,2,material-theme-jetbrains,0.755,0.51,0
isExcessiveClassLength,120,2,mybatis-plus,0.86,0.77,0.05
isExcessiveClassLength,120,2,okhttp,0.81,0.65,0.03
isExcessiveClassLength,120,2,symphony,0.79,0.6,0.02
isExcessiveClassLength,120,2,async-http-client,1,1,0
isExcessiveClassLength,120,2,azkaban,0.775,0.56,0.01
isExcessiveClassLength,120,2,beam,0.69,0.39,0.01
isExcessiveClassLength,120,2,Bukkit,0.855,0.71,0
isExcessiveClassLength,120,20,material-theme-jetbrains,0.75,0.51,0.01
isExcessiveClassLength,120,20,mybatis-plus,0.975,1,0.05
isExcessiveClassLength,120,20,okhttp,0.895,0.83,0.04
isExcessiveClassLength,120,20,symphony,0.635,0.28,0.01
isExcessiveClassLength,120,20,async-http-client,1,1,0
isExcessiveClassLength,120,20,azkaban,0.835,0.68,0.01
isExcessiveClassLength,120,20,beam,0.74,0.5,0.02
isExcessiveClassLength,120,20,Bukkit,0.96,0.93,0.01
isExcessiveClassLength,120,5,material-theme-jetbrains,0.77,0.55,0.01
isExcessiveClassLength,120,5,mybatis-plus,0.9,0.83,0.03
isExcessiveClassLength,120,5,okhttp,0.9,0.83,0.03
isExcessiveClassLength,120,5,symphony,0.755,0.53,0.02
isExcessiveClassLength,120,5,async-http-client,0.91,0.82,0
isExcessiveClassLength,120,5,azkaban,0.85,0.71,0.01
isExcessiveClassLength,120,5,beam,0.78,0.57,0.01
isExcessiveClassLength,120,5,Bukkit,0.96,0.93,0.01
isExcessiveClassLength,15,10,incubator-dubbo,0.915,0.83,0
isExcessiveClassLength,15,10,material-theme-jetbrains,0.98,0.97,0.01
isExcessiveClassLength,15,10,nutch,0.97,0.95,0.01
isExcessiveClassLength,15,10,storm,0.825,0.69,0.04
isExcessiveClassLength,15,10,symphony,0.87,0.76,0.02
isExcessiveClassLength,15,10,zheng,0.895,0.83,0.04
isExcessiveClassLength,15,10,async-http-client,0.995,1,0.01
isExcessiveClassLength,15,10,azkaban,0.99,1,0.02
isExcessiveClassLength,15,10,beam,0.955,0.94,0.03
isExcessiveClassLength,15,10,Bukkit,0.995,1,0.01
isExcessiveClassLength,15,2,incubator-dubbo,1,1,0
isExcessiveClassLength,15,2,material-theme-jetbrains,0.98,0.97,0.01
isExcessiveClassLength,15,2,nutch,0.91,0.83,0.01
isExcessiveClassLength,15,2,storm,0.765,0.6,0.07
isExcessiveClassLength,15,2,symphony,0.815,0.66,0.03
isExcessiveClassLength,15,2,zheng,0.58,0.17,0.01
isExcessiveClassLength,15,2,async-http-client,0.995,1,0.01
isExcessiveClassLength,15,2,azkaban,0.975,0.97,0.02
isExcessiveClassLength,15,2,beam,0.89,0.81,0.03
isExcessiveClassLength,15,2,Bukkit,0.805,0.61,0
isExcessiveClassLength,15,20,incubator-dubbo,0.75,0.5,0
isExcessiveClassLength,15,20,material-theme-jetbrains,0.88,0.77,0.01
isExcessiveClassLength,15,20,nutch,0.99,1,0.02
isExcessiveClassLength,15,20,storm,0.87,0.8,0.06
isExcessiveClassLength,15,20,symphony,0.875,0.77,0.02
isExcessiveClassLength,15,20,zheng,0.97,1,0.06
isExcessiveClassLength,15,20,async-http-client,0.995,1,0.01
isExcessiveClassLength,15,20,azkaban,0.97,0.97,0.03
isExcessiveClassLength,15,20,beam,0.99,1,0.02
isExcessiveClassLength,15,20,Bukkit,0.875,0.75,0
isExcessiveClassLength,15,5,incubator-dubbo,0.65,0.3,0
isExcessiveClassLength,15,5,material-theme-jetbrains,0.995,0.99,0
isExcessiveClassLength,15,5,nutch,0.8,0.61,0.01
isExcessiveClassLength,15,5,storm,0.885,0.83,0.06
isExcessiveClassLength,15,5,symphony,0.78,0.58,0.02
isExcessiveClassLength,15,5,zheng,0.89,0.83,0.05
isExcessiveClassLength,15,5,async-http-client,0.995,1,0.01
isExcessiveClassLength,15,5,azkaban,0.99,1,0.02
isExcessiveClassLength,15,5,beam,0.96,0.95,0.03
isExcessiveClassLength,15,5,Bukkit,0.895,0.8,0.01
isExcessiveClassLength,30,10,material-theme-jetbrains,0.845,0.69,0
isExcessiveClassLength,30,10,nutch,0.805,0.62,0.01
isExcessiveClassLength,30,10,storm,0.885,0.83,0.06
isExcessiveClassLength,30,10,symphony,0.97,0.98,0.04
isExcessiveClassLength,30,10,zheng,0.9,0.83,0.03
isExcessiveClassLength,30,10,async-http-client,0.915,0.83,0
isExcessiveClassLength,30,10,azkaban,0.94,0.9,0.02
isExcessiveClassLength,30,10,beam,0.915,0.86,0.03
isExcessiveClassLength,30,10,Bukkit,0.995,0.99,0
isExcessiveClassLength,30,2,material-theme-jetbrains,0.795,0.6,0.01
isExcessiveClassLength,30,2,nutch,0.9,0.82,0.02
isExcessiveClassLength,30,2,storm,0.865,0.83,0.1
isExcessiveClassLength,30,2,symphony,0.885,0.79,0.02
isExcessiveClassLength,30,2,zheng,0.905,0.83,0.02
isExcessiveClassLength,30,2,async-http-client,0.91,0.83,0.01
isExcessiveClassLength,30,2,azkaban,0.975,0.97,0.02
isExcessiveClassLength,30,2,beam,0.945,0.91,0.02
isExcessiveClassLength,30,2,Bukkit,1,1,0
isExcessiveClassLength,30,20,material-theme-jetbrains,0.985,0.98,0.01
isExcessiveClassLength,30,20,nutch,0.99,1,0.02
isExcessiveClassLength,30,20,storm,0.745,0.54,0.05
isExcessiveClassLength,30,20,symphony,0.965,0.95,0.02
isExcessiveClassLength,30,20,zheng,0.9,0.83,0.03
isExcessiveClassLength,30,20,async-http-client,0.9,0.81,0.01
isExcessiveClassLength,30,20,azkaban,0.955,0.93,0.02
isExcessiveClassLength,30,20,beam,0.975,0.97,0.02
isExcessiveClassLength,30,20,Bukkit,0.895,0.79,0
isExcessiveClassLength,30,5,material-theme-jetbrains,0.99,0.99,0.01
isExcessiveClassLength,30,5,nutch,0.905,0.83,0.02
isExcessiveClassLength,30,5,storm,0.85,0.75,0.05
isExcessiveClassLength,30,5,symphony,0.975,0.99,0.04
isExcessiveClassLength,30,5,zheng,0.815,0.67,0.04
isExcessiveClassLength,30,5,async-http-client,0.995,1,0.01
isExcessiveClassLength,30,5,azkaban,0.98,0.98,0.02
isExcessiveClassLength,30,5,beam,0.915,0.85,0.02
isExcessiveClassLength,30,5,Bukkit,0.9,0.8,0
isExcessiveClassLength,60,10,material-theme-jetbrains,0.805,0.62,0.01
isExcessiveClassLength,60,10,mybatis-plus,0.9,0.83,0.03
isExcessiveClassLength,60,10,nutch,0.905,0.82,0.01
isExcessiveClassLength,60,10,symphony,0.785,0.59,0.02
isExcessiveClassLength,60,10,zheng,0.89,0.83,0.05
isExcessiveClassLength,60,10,async-http-client,0.995,1,0.01
isExcessiveClassLength,60,10,azkaban,0.93,0.88,0.02
isExcessiveClassLength,60,10,beam,0.865,0.75,0.02
isExcessiveClassLength,60,10,Bukkit,0.815,0.63,0
isExcessiveClassLength,60,2,material-theme-jetbrains,0.79,0.58,0
isExcessiveClassLength,60,2,mybatis-plus,0.885,0.81,0.04
isExcessiveClassLength,60,2,nutch,0.91,0.83,0.01
isExcessiveClassLength,60,2,symphony,0.935,0.9,0.03
isExcessiveClassLength,60,2,zheng,0.9,0.83,0.03
isExcessiveClassLength,60,2,async-http-client,0.905,0.83,0.02
isExcessiveClassLength,60,2,azkaban,0.845,0.71,0.02
isExcessiveClassLength,60,2,beam,0.895,0.81,0.02
isExcessiveClassLength,60,2,Bukkit,0.71,0.42,0
isExcessiveClassLength,60,20,material-theme-jetbrains,0.825,0.66,0.01
isExcessiveClassLength,60,20,mybatis-plus,0.895,0.83,0.04
isExcessiveClassLength,60,20,nutch,0.975,0.97,0.02
isExcessiveClassLength,60,20,symphony,0.79,0.59,0.01
isExcessiveClassLength,60,20,zheng,0.82,0.67,0.03
isExcessiveClassLength,60,20,async-http-client,0.87,0.74,0
isExcessiveClassLength,60,20,azkaban,0.88,0.79,0.03
isExcessiveClassLength,60,20,beam,0.885,0.79,0.02
isExcessiveClassLength,60,20,Bukkit,0.905,0.81,0
isExcessiveClassLength,60,5,material-theme-jetbrains,0.87,0.75,0.01
isExcessiveClassLength,60,5,mybatis-plus,0.89,0.83,0.05
isExcessiveClassLength,60,5,nutch,0.975,0.97,0.02
isExcessiveClassLength,60,5,symphony,0.96,0.95,0.03
isExcessiveClassLength,60,5,zheng,0.735,0.5,0.03
isExcessiveClassLength,60,5,async-http-client,0.91,0.83,0.01
isExcessiveClassLength,60,5,azkaban,0.955,0.93,0.02
isExcessiveClassLength,60,5,beam,0.94,0.89,0.01
isExcessiveClassLength,60,5,Bukkit,0.94,0.89,0.01
isExcessiveClassLength,90,10,material-theme-jetbrains,0.78,0.57,0.01
isExcessiveClassLength,90,10,mybatis-plus,0.72,0.47,0.03
isExcessiveClassLength,90,10,Mycat-Server,0.985,1,0.03
isExcessiveClassLength,90,10,nutch,0.885,0.78,0.01
isExcessiveClassLength,90,10,storm,0.58,0.17,0.01
isExcessiveClassLength,90,10,symphony,0.98,0.99,0.03
isExcessiveClassLength,90,10,zheng,0.745,0.5,0.01
isExcessiveClassLength,90,10,async-http-client,1,1,0
isExcessiveClassLength,90,10,azkaban,0.925,0.87,0.02
isExcessiveClassLength,90,10,beam,0.955,0.93,0.02
isExcessiveClassLength,90,10,Bukkit,0.885,0.77,0
isExcessiveClassLength,90,2,material-theme-jetbrains,0.825,0.65,0
isExcessiveClassLength,90,2,mybatis-plus,0.765,0.56,0.03
isExcessiveClassLength,90,2,Mycat-Server,0.995,1,0.01
isExcessiveClassLength,90,2,nutch,0.905,0.82,0.01
isExcessiveClassLength,90,2,storm,0.745,0.5,0.01
isExcessiveClassLength,90,2,symphony,0.79,0.59,0.01
isExcessiveClassLength,90,2,zheng,0.905,0.83,0.02
isExcessiveClassLength,90,2,async-http-client,1,1,0
isExcessiveClassLength,90,2,azkaban,0.815,0.65,0.02
isExcessiveClassLength,90,2,beam,0.94,0.9,0.02
isExcessiveClassLength,90,2,Bukkit,0.805,0.61,0
isExcessiveClassLength,90,20,material-theme-jetbrains,0.88,0.77,0.01
isExcessiveClassLength,90,20,mybatis-plus,0.88,0.78,0.02
isExcessiveClassLength,90,20,Mycat-Server,0.82,0.66,0.02
isExcessiveClassLength,90,20,nutch,0.975,0.96,0.01
isExcessiveClassLength,90,20,storm,0.83,0.67,0.01
isExcessiveClassLength,90,20,symphony,0.705,0.42,0.01
isExcessiveClassLength,90,20,zheng,0.89,0.8,0.02
isExcessiveClassLength,90,20,async-http-client,1,1,0
isExcessiveClassLength,90,20,azkaban,0.855,0.72,0.01
isExcessiveClassLength,90,20,beam,0.89,0.8,0.02
isExcessiveClassLength,90,20,Bukkit,0.945,0.89,0
isExcessiveClassLength,90,5,material-theme-jetbrains,0.755,0.51,0
isExcessiveClassLength,90,5,mybatis-plus,0.905,0.83,0.02
isExcessiveClassLength,90,5,Mycat-Server,0.91,0.83,0.01
isExcessiveClassLength,90,5,nutch,0.88,0.76,0
isExcessiveClassLength,90,5,storm,0.825,0.67,0.02
isExcessiveClassLength,90,5,symphony,0.87,0.76,0.02
isExcessiveClassLength,90,5,zheng,0.745,0.5,0.01
isExcessiveClassLength,90,5,async-http-client,0.895,0.79,0
isExcessiveClassLength,90,5,azkaban,0.93,0.88,0.02
isExcessiveClassLength,90,5,beam,0.885,0.78,0.01
isExcessiveClassLength,90,5,Bukkit,0.755,0.51,0
isExcessiveClassLength,releases,10,material-theme-jetbrains,0.78,0.57,0.01
isExcessiveClassLength,releases,10,mybatis-plus,0.875,0.8,0.05
isExcessiveClassLength,releases,10,Mycat-Server,0.89,0.79,0.01
isExcessiveClassLength,releases,10,okhttp,0.905,0.83,0.02
isExcessiveClassLength,releases,10,symphony,0.72,0.45,0.01
isExcessiveClassLength,releases,10,zheng,0.815,0.67,0.04
isExcessiveClassLength,releases,10,async-http-client,0.905,0.81,0
isExcessiveClassLength,releases,10,azkaban,0.79,0.6,0.02
isExcessiveClassLength,releases,10,beam,0.885,0.79,0.02
isExcessiveClassLength,releases,10,Bukkit,0.875,0.75,0
isExcessiveClassLength,releases,2,material-theme-jetbrains,0.805,0.61,0
isExcessiveClassLength,releases,2,mybatis-plus,0.88,0.78,0.02
isExcessiveClassLength,releases,2,Mycat-Server,0.99,1,0.02
isExcessiveClassLength,releases,2,okhttp,0.98,1,0.04
isExcessiveClassLength,releases,2,symphony,0.795,0.61,0.02
isExcessiveClassLength,releases,2,zheng,0.905,0.83,0.02
isExcessiveClassLength,releases,2,async-http-client,0.915,0.83,0
isExcessiveClassLength,releases,2,azkaban,0.93,0.88,0.02
isExcessiveClassLength,releases,2,beam,0.865,0.74,0.01
isExcessiveClassLength,releases,2,Bukkit,0.84,0.68,0
isExcessiveClassLength,releases,20,material-theme-jetbrains,0.73,0.46,0
isExcessiveClassLength,releases,20,mybatis-plus,0.81,0.64,0.02
isExcessiveClassLength,releases,20,Mycat-Server,0.905,0.83,0.02
isExcessiveClassLength,releases,20,okhttp,0.895,0.81,0.02
isExcessiveClassLength,releases,20,symphony,0.785,0.59,0.02
isExcessiveClassLength,releases,20,zheng,0.895,0.83,0.04
isExcessiveClassLength,releases,20,async-http-client,0.915,0.83,0
isExcessiveClassLength,releases,20,azkaban,0.825,0.67,0.02
isExcessiveClassLength,releases,20,beam,0.895,0.8,0.01
isExcessiveClassLength,releases,20,Bukkit,0.78,0.56,0
isExcessiveClassLength,releases,5,material-theme-jetbrains,0.76,0.52,0
isExcessiveClassLength,releases,5,mybatis-plus,0.905,0.83,0.02
isExcessiveClassLength,releases,5,Mycat-Server,0.9,0.82,0.02
isExcessiveClassLength,releases,5,okhttp,0.985,1,0.03
isExcessiveClassLength,releases,5,symphony,0.775,0.55,0
isExcessiveClassLength,releases,5,zheng,0.91,0.83,0.01
isExcessiveClassLength,releases,5,async-http-client,1,1,0
isExcessiveClassLength,releases,5,azkaban,0.925,0.87,0.02
isExcessiveClassLength,releases,5,beam,0.92,0.85,0.01
isExcessiveClassLength,releases,5,Bukkit,0.745,0.49,0
isGodDecor,120,10,cas,0.795,0.59,0
isGodDecor,120,10,incubator-dubbo,0.95,0.91,0.01
isGodDecor,120,10,incubator-heron,0.905,0.81,0
isGodDecor,120,10,material-theme-jetbrains,0.895,0.82,0.03
isGodDecor,120,10,mybatis-3,0.955,0.91,0
isGodDecor,120,10,mybatis-plus,0.885,0.81,0.04
isGodDecor,120,10,Mycat-Server,0.925,0.92,0.07
isGodDecor,120,10,nutch,0.86,0.75,0.03
isGodDecor,120,10,okhttp,0.87,0.77,0.03
isGodDecor,120,10,retrofit,0.915,0.83,0
isGodDecor,120,10,symphony,0.915,0.88,0.05
isGodDecor,120,10,zipkin,0.845,0.7,0.01
isGodDecor,120,10,async-http-client,0.95,0.92,0.02
isGodDecor,120,10,azkaban,0.945,0.9,0.01
isGodDecor,120,10,beam,0.905,0.84,0.03
isGodDecor,120,10,bigbluebutton,0.845,0.7,0.01
isGodDecor,120,10,btrace,0.955,0.94,0.03
isGodDecor,120,10,Bukkit,0.78,0.56,0
isGodDecor,120,2,cas,0.905,0.81,0
isGodDecor,120,2,HikariCP,0.935,0.91,0.04
isGodDecor,120,2,incubator-dubbo,0.885,0.77,0
isGodDecor,120,2,incubator-heron,0.915,0.83,0
isGodDecor,120,2,material-theme-jetbrains,0.9,0.83,0.03
isGodDecor,120,2,mybatis-3,0.915,0.83,0
isGodDecor,120,2,mybatis-plus,0.795,0.62,0.03
isGodDecor,120,2,Mycat-Server,0.925,0.92,0.07
isGodDecor,120,2,nutch,0.875,0.77,0.02
isGodDecor,120,2,okhttp,0.925,0.87,0.02
isGodDecor,120,2,retrofit,0.915,0.83,0
isGodDecor,120,2,symphony,0.82,0.68,0.04
isGodDecor,120,2,zipkin,0.85,0.71,0.01
isGodDecor,120,2,async-http-client,0.965,0.94,0.01
isGodDecor,120,2,azkaban,0.95,0.9,0
isGodDecor,120,2,beam,0.925,0.88,0.03
isGodDecor,120,2,bigbluebutton,0.815,0.63,0
isGodDecor,120,2,btrace,0.865,0.76,0.03
isGodDecor,120,2,Bukkit,0.695,0.39,0
isGodDecor,120,20,cas,0.835,0.67,0
isGodDecor,120,20,HikariCP,0.895,0.83,0.04
isGodDecor,120,20,incubator-dubbo,0.88,0.77,0.01
isGodDecor,120,20,incubator-heron,0.915,0.83,0
isGodDecor,120,20,material-theme-jetbrains,0.9,0.83,0.03
isGodDecor,120,20,mybatis-3,0.98,0.96,0
isGodDecor,120,20,mybatis-plus,0.82,0.67,0.03
isGodDecor,120,20,Mycat-Server,0.915,0.89,0.06
isGodDecor,120,20,nutch,0.78,0.57,0.01
isGodDecor,120,20,okhttp,0.945,0.91,0.02
isGodDecor,120,20,retrofit,0.915,0.83,0
isGodDecor,120,20,symphony,0.785,0.6,0.03
isGodDecor,120,20,zipkin,0.86,0.73,0.01
isGodDecor,120,20,async-http-client,0.975,0.97,0.02
isGodDecor,120,20,azkaban,0.955,0.91,0
isGodDecor,120,20,beam,0.955,0.94,0.03
isGodDecor,120,20,bigbluebutton,0.855,0.72,0.01
isGodDecor,120,20,btrace,0.93,0.89,0.03
isGodDecor,120,20,Bukkit,0.73,0.46,0
isGodDecor,120,5,cas,0.835,0.67,0
isGodDecor,120,5,HikariCP,0.86,0.76,0.04
isGodDecor,120,5,incubator-dubbo,0.965,0.94,0.01
isGodDecor,120,5,incubator-heron,0.905,0.81,0
isGodDecor,120,5,material-theme-jetbrains,0.985,1,0.03
isGodDecor,120,5,mybatis-3,0.945,0.89,0
isGodDecor,120,5,mybatis-plus,0.825,0.68,0.03
isGodDecor,120,5,Mycat-Server,0.85,0.77,0.07
isGodDecor,120,5,nutch,0.89,0.8,0.02
isGodDecor,120,5,okhttp,0.91,0.84,0.02
isGodDecor,120,5,retrofit,0.835,0.67,0
isGodDecor,120,5,symphony,0.895,0.84,0.05
isGodDecor,120,5,zipkin,0.925,0.86,0.01
isGodDecor,120,5,async-http-client,0.895,0.81,0.02
isGodDecor,120,5,azkaban,0.875,0.75,0
isGodDecor,120,5,beam,0.885,0.8,0.03
isGodDecor,120,5,bigbluebutton,0.895,0.79,0
isGodDecor,120,5,btrace,0.82,0.67,0.03
isGodDecor,120,5,Bukkit,0.695,0.39,0
isGodDecor,15,10,cas,0.94,0.88,0
isGodDecor,15,10,disruptor,0.915,0.83,0
isGodDecor,15,10,GCViewer,0.945,0.91,0.02
isGodDecor,15,10,HikariCP,0.905,0.9,0.09
isGodDecor,15,10,incubator-dubbo,0.975,0.96,0.01
isGodDecor,15,10,javacpp,0.965,0.94,0.01
isGodDecor,15,10,material-theme-jetbrains,0.985,1,0.03
isGodDecor,15,10,mybatis-3,0.99,0.98,0
isGodDecor,15,10,mybatis-plus,0.96,0.96,0.04
isGodDecor,15,10,Mycat-Server,0.88,0.82,0.06
isGodDecor,15,10,nutch,0.835,0.7,0.03
isGodDecor,15,10,okhttp,0.96,0.96,0.04
isGodDecor,15,10,retrofit,0.915,0.83,0
isGodDecor,15,10,symphony,0.92,0.88,0.04
isGodDecor,15,10,async-http-client,0.985,0.99,0.02
isGodDecor,15,10,azkaban,0.945,0.91,0.02
isGodDecor,15,10,beam,0.93,0.9,0.04
isGodDecor,15,10,bigbluebutton,0.92,0.85,0.01
isGodDecor,15,10,btrace,0.86,0.76,0.04
isGodDecor,15,10,Bukkit,0.81,0.62,0
isGodDecor,15,2,cas,0.93,0.86,0
isGodDecor,15,2,disruptor,0.825,0.65,0
isGodDecor,15,2,GCViewer,0.955,0.95,0.04
isGodDecor,15,2,HikariCP,0.96,1,0.08
isGodDecor,15,2,incubator-dubbo,0.98,0.97,0.01
isGodDecor,15,2,javacpp,0.905,0.82,0.01
isGodDecor,15,2,material-theme-jetbrains,0.99,1,0.02
isGodDecor,15,2,mybatis-3,0.98,0.97,0.01
isGodDecor,15,2,mybatis-plus,0.955,0.96,0.05
isGodDecor,15,2,Mycat-Server,0.93,0.94,0.08
isGodDecor,15,2,nutch,0.91,0.85,0.03
isGodDecor,15,2,okhttp,0.96,0.95,0.03
isGodDecor,15,2,retrofit,0.835,0.67,0
isGodDecor,15,2,symphony,0.935,0.92,0.05
isGodDecor,15,2,async-http-client,0.99,0.99,0.01
isGodDecor,15,2,azkaban,0.965,0.95,0.02
isGodDecor,15,2,beam,0.94,0.93,0.05
isGodDecor,15,2,bigbluebutton,0.985,0.98,0.01
isGodDecor,15,2,btrace,0.895,0.82,0.03
isGodDecor,15,2,Bukkit,0.895,0.79,0
isGodDecor,15,20,cas,0.945,0.89,0
isGodDecor,15,20,disruptor,0.915,0.83,0
isGodDecor,15,20,GCViewer,0.945,0.93,0.04
isGodDecor,15,20,HikariCP,0.96,1,0.08
isGodDecor,15,20,incubator-dubbo,0.97,0.95,0.01
isGodDecor,15,20,javacpp,0.895,0.8,0.01
isGodDecor,15,20,material-theme-jetbrains,0.985,1,0.03
isGodDecor,15,20,mybatis-3,0.97,0.95,0.01
isGodDecor,15,20,mybatis-plus,0.955,0.96,0.05
isGodDecor,15,20,Mycat-Server,0.93,0.95,0.09
isGodDecor,15,20,nutch,0.815,0.64,0.01
isGodDecor,15,20,okhttp,0.955,0.95,0.04
isGodDecor,15,20,retrofit,0.915,0.83,0
isGodDecor,15,20,symphony,0.92,0.9,0.06
isGodDecor,15,20,async-http-client,0.975,0.97,0.02
isGodDecor,15,20,azkaban,0.965,0.94,0.01
isGodDecor,15,20,beam,0.945,0.94,0.05
isGodDecor,15,20,bigbluebutton,0.985,0.98,0.01
isGodDecor,15,20,btrace,0.96,0.95,0.03
isGodDecor,15,20,Bukkit,0.77,0.54,0
isGodDecor,15,5,cas,0.94,0.88,0
isGodDecor,15,5,disruptor,0.89,0.78,0
isGodDecor,15,5,GCViewer,0.925,0.88,0.03
isGodDecor,15,5,HikariCP,0.965,0.99,0.06
isGodDecor,15,5,incubator-dubbo,0.97,0.95,0.01
isGodDecor,15,5,javacpp,0.965,0.94,0.01
isGodDecor,15,5,material-theme-jetbrains,0.9,0.83,0.03
isGodDecor,15,5,mybatis-3,0.915,0.83,0
isGodDecor,15,5,mybatis-plus,0.905,0.85,0.04
isGodDecor,15,5,Mycat-Server,0.92,0.93,0.09
isGodDecor,15,5,nutch,0.89,0.81,0.03
isGodDecor,15,5,okhttp,0.965,0.97,0.04
isGodDecor,15,5,retrofit,0.915,0.83,0
isGodDecor,15,5,symphony,0.925,0.89,0.04
isGodDecor,15,5,async-http-client,0.985,0.99,0.02
isGodDecor,15,5,azkaban,0.965,0.95,0.02
isGodDecor,15,5,beam,0.94,0.92,0.04
isGodDecor,15,5,bigbluebutton,0.99,0.99,0.01
isGodDecor,15,5,btrace,0.875,0.77,0.02
isGodDecor,15,5,Bukkit,0.885,0.77,0
isGodDecor,30,10,cas,0.935,0.87,0
isGodDecor,30,10,GCViewer,0.88,0.78,0.02
isGodDecor,30,10,HikariCP,0.875,0.81,0.06
isGodDecor,30,10,incubator-dubbo,0.9,0.81,0.01
isGodDecor,30,10,javacpp,0.875,0.76,0.01
isGodDecor,30,10,mybatis-3,0.97,0.94,0
isGodDecor,30,10,mybatis-plus,0.89,0.81,0.03
isGodDecor,30,10,Mycat-Server,0.935,0.96,0.09
isGodDecor,30,10,nutch,0.83,0.68,0.02
isGodDecor,30,10,okhttp,0.96,0.95,0.03
isGodDecor,30,10,retrofit,0.915,0.83,0
isGodDecor,30,10,symphony,0.905,0.85,0.04
isGodDecor,30,10,async-http-client,0.975,0.97,0.02
isGodDecor,30,10,azkaban,0.985,0.98,0.01
isGodDecor,30,10,beam,0.945,0.93,0.04
isGodDecor,30,10,bigbluebutton,0.985,0.98,0.01
isGodDecor,30,10,btrace,0.885,0.79,0.02
isGodDecor,30,10,Bukkit,0.79,0.58,0
isGodDecor,30,2,cas,0.94,0.88,0
isGodDecor,30,2,GCViewer,0.94,0.9,0.02
isGodDecor,30,2,HikariCP,0.89,0.83,0.05
isGodDecor,30,2,incubator-dubbo,0.955,0.92,0.01
isGodDecor,30,2,javacpp,0.975,0.96,0.01
isGodDecor,30,2,mybatis-3,0.98,0.96,0
isGodDecor,30,2,mybatis-plus,0.965,0.97,0.04
isGodDecor,30,2,Mycat-Server,0.935,0.96,0.09
isGodDecor,30,2,nutch,0.985,0.99,0.02
isGodDecor,30,2,okhttp,0.945,0.92,0.03
isGodDecor,30,2,retrofit,0.83,0.67,0.01
isGodDecor,30,2,symphony,0.92,0.88,0.04
isGodDecor,30,2,async-http-client,0.965,0.95,0.02
isGodDecor,30,2,azkaban,0.975,0.96,0.01
isGodDecor,30,2,beam,0.945,0.93,0.04
isGodDecor,30,2,bigbluebutton,0.885,0.78,0.01
isGodDecor,30,2,btrace,0.96,0.95,0.03
isGodDecor,30,2,Bukkit,0.83,0.66,0
isGodDecor,30,20,cas,0.84,0.68,0
isGodDecor,30,20,GCViewer,0.93,0.88,0.02
isGodDecor,30,20,HikariCP,0.875,0.81,0.06
isGodDecor,30,20,incubator-dubbo,0.895,0.8,0.01
isGodDecor,30,20,javacpp,0.98,0.97,0.01
isGodDecor,30,20,mybatis-3,0.905,0.81,0
isGodDecor,30,20,mybatis-plus,0.875,0.79,0.04
isGodDecor,30,20,Mycat-Server,0.865,0.79,0.06
isGodDecor,30,20,nutch,0.855,0.73,0.02
isGodDecor,30,20,okhttp,0.95,0.93,0.03
isGodDecor,30,20,retrofit,0.91,0.83,0.01
isGodDecor,30,20,symphony,0.925,0.91,0.06
isGodDecor,30,20,async-http-client,0.975,0.97,0.02
isGodDecor,30,20,azkaban,0.98,0.97,0.01
isGodDecor,30,20,beam,0.935,0.91,0.04
isGodDecor,30,20,bigbluebutton,0.93,0.86,0
isGodDecor,30,20,btrace,0.875,0.77,0.02
isGodDecor,30,20,Bukkit,0.795,0.59,0
isGodDecor,30,5,cas,0.83,0.66,0
isGodDecor,30,5,GCViewer,0.905,0.84,0.03
isGodDecor,30,5,HikariCP,0.87,0.81,0.07
isGodDecor,30,5,incubator-dubbo,0.885,0.78,0.01
isGodDecor,30,5,javacpp,0.965,0.94,0.01
isGodDecor,30,5,mybatis-3,0.995,0.99,0
isGodDecor,30,5,mybatis-plus,0.895,0.83,0.04
isGodDecor,30,5,Mycat-Server,0.94,0.95,0.07
isGodDecor,30,5,nutch,0.83,0.68,0.02
isGodDecor,30,5,okhttp,0.96,0.95,0.03
isGodDecor,30,5,retrofit,0.835,0.67,0
isGodDecor,30,5,symphony,0.91,0.86,0.04
isGodDecor,30,5,async-http-client,0.87,0.76,0.02
isGodDecor,30,5,azkaban,0.975,0.96,0.01
isGodDecor,30,5,beam,0.935,0.9,0.03
isGodDecor,30,5,bigbluebutton,0.985,0.98,0.01
isGodDecor,30,5,btrace,0.935,0.9,0.03
isGodDecor,30,5,Bukkit,0.895,0.79,0
isGodDecor,60,10,cas,0.915,0.83,0
isGodDecor,60,10,GCViewer,0.9,0.84,0.04
isGodDecor,60,10,HikariCP,0.875,0.8,0.05
isGodDecor,60,10,incubator-dubbo,0.945,0.9,0.01
isGodDecor,60,10,material-theme-jetbrains,0.905,0.83,0.02
isGodDecor,60,10,mybatis-3,0.995,0.99,0
isGodDecor,60,10,mybatis-plus,0.935,0.91,0.04
isGodDecor,60,10,Mycat-Server,0.94,0.97,0.09
isGodDecor,60,10,nutch,0.845,0.71,0.02
isGodDecor,60,10,okhttp,0.945,0.91,0.02
isGodDecor,60,10,retrofit,0.915,0.83,0
isGodDecor,60,10,symphony,0.945,0.94,0.05
isGodDecor,60,10,zipkin,0.9,0.81,0.01
isGodDecor,60,10,async-http-client,0.965,0.95,0.02
isGodDecor,60,10,azkaban,0.97,0.95,0.01
isGodDecor,60,10,beam,0.94,0.91,0.03
isGodDecor,60,10,bigbluebutton,0.97,0.95,0.01
isGodDecor,60,10,btrace,0.98,0.98,0.02
isGodDecor,60,10,Bukkit,0.78,0.56,0
isGodDecor,60,2,cas,0.935,0.87,0
isGodDecor,60,2,GCViewer,0.835,0.7,0.03
isGodDecor,60,2,HikariCP,0.9,0.85,0.05
isGodDecor,60,2,incubator-dubbo,0.97,0.95,0.01
isGodDecor,60,2,material-theme-jetbrains,0.905,0.83,0.02
isGodDecor,60,2,mybatis-3,0.995,0.99,0
isGodDecor,60,2,mybatis-plus,0.94,0.92,0.04
isGodDecor,60,2,Mycat-Server,0.925,0.92,0.07
isGodDecor,60,2,nutch,0.84,0.7,0.02
isGodDecor,60,2,okhttp,0.95,0.93,0.03
isGodDecor,60,2,retrofit,0.915,0.83,0
isGodDecor,60,2,symphony,0.915,0.87,0.04
isGodDecor,60,2,zipkin,0.94,0.89,0.01
isGodDecor,60,2,async-http-client,0.975,0.97,0.02
isGodDecor,60,2,azkaban,0.965,0.94,0.01
isGodDecor,60,2,beam,0.905,0.84,0.03
isGodDecor,60,2,bigbluebutton,0.975,0.96,0.01
isGodDecor,60,2,btrace,0.965,0.95,0.02
isGodDecor,60,2,Bukkit,0.79,0.58,0
isGodDecor,60,20,cas,0.925,0.85,0
isGodDecor,60,20,GCViewer,0.86,0.75,0.03
isGodDecor,60,20,HikariCP,0.875,0.79,0.04
isGodDecor,60,20,incubator-dubbo,0.87,0.75,0.01
isGodDecor,60,20,material-theme-jetbrains,0.9,0.82,0.02
isGodDecor,60,20,mybatis-3,0.99,0.98,0
isGodDecor,60,20,mybatis-plus,0.945,0.93,0.04
isGodDecor,60,20,Mycat-Server,0.935,0.93,0.06
isGodDecor,60,20,nutch,0.83,0.69,0.03
isGodDecor,60,20,okhttp,0.925,0.87,0.02
isGodDecor,60,20,retrofit,0.915,0.83,0
isGodDecor,60,20,symphony,0.91,0.86,0.04
isGodDecor,60,20,zipkin,0.87,0.75,0.01
isGodDecor,60,20,async-http-client,0.99,0.99,0.01
isGodDecor,60,20,azkaban,0.96,0.93,0.01
isGodDecor,60,20,beam,0.925,0.89,0.04
isGodDecor,60,20,bigbluebutton,0.905,0.82,0.01
isGodDecor,60,20,btrace,0.93,0.89,0.03
isGodDecor,60,20,Bukkit,0.805,0.61,0
isGodDecor,60,5,cas,0.955,0.91,0
isGodDecor,60,5,GCViewer,0.92,0.87,0.03
isGodDecor,60,5,HikariCP,0.97,0.99,0.05
isGodDecor,60,5,incubator-dubbo,0.865,0.74,0.01
isGodDecor,60,5,material-theme-jetbrains,0.905,0.83,0.02
isGodDecor,60,5,mybatis-3,0.975,0.95,0
isGodDecor,60,5,mybatis-plus,0.935,0.91,0.04
isGodDecor,60,5,Mycat-Server,0.94,0.95,0.07
isGodDecor,60,5,nutch,0.795,0.62,0.03
isGodDecor,60,5,okhttp,0.925,0.88,0.03
isGodDecor,60,5,retrofit,0.585,0.17,0
isGodDecor,60,5,symphony,0.91,0.87,0.05
isGodDecor,60,5,zipkin,0.895,0.8,0.01
isGodDecor,60,5,async-http-client,0.895,0.81,0.02
isGodDecor,60,5,azkaban,0.975,0.96,0.01
isGodDecor,60,5,beam,0.95,0.94,0.04
isGodDecor,60,5,bigbluebutton,0.925,0.86,0.01
isGodDecor,60,5,btrace,0.865,0.75,0.02
isGodDecor,60,5,Bukkit,0.75,0.5,0
isGodDecor,90,10,cas,0.86,0.72,0
isGodDecor,90,10,GCViewer,0.935,0.9,0.03
isGodDecor,90,10,HikariCP,0.965,0.98,0.05
isGodDecor,90,10,incubator-dubbo,0.85,0.71,0.01
isGodDecor,90,10,material-theme-jetbrains,0.905,0.83,0.02
isGodDecor,90,10,mybatis-3,0.905,0.81,0
isGodDecor,90,10,mybatis-plus,0.9,0.84,0.04
isGodDecor,90,10,Mycat-Server,0.92,0.92,0.08
isGodDecor,90,10,nutch,0.765,0.55,0.02
isGodDecor,90,10,okhttp,0.945,0.92,0.03
isGodDecor,90,10,retrofit,0.905,0.81,0
isGodDecor,90,10,symphony,0.79,0.63,0.05
isGodDecor,90,10,zipkin,0.88,0.77,0.01
isGodDecor,90,10,async-http-client,0.97,0.95,0.01
isGodDecor,90,10,azkaban,0.955,0.92,0.01
isGodDecor,90,10,beam,0.915,0.86,0.03
isGodDecor,90,10,bigbluebutton,0.895,0.8,0.01
isGodDecor,90,10,btrace,0.975,0.97,0.02
isGodDecor,90,10,Bukkit,0.74,0.48,0
isGodDecor,90,2,cas,0.84,0.68,0
isGodDecor,90,2,GCViewer,0.845,0.73,0.04
isGodDecor,90,2,HikariCP,0.89,0.82,0.04
isGodDecor,90,2,incubator-dubbo,0.97,0.95,0.01
isGodDecor,90,2,material-theme-jetbrains,0.9,0.83,0.03
isGodDecor,90,2,mybatis-3,0.9,0.8,0
isGodDecor,90,2,mybatis-plus,0.9,0.84,0.04
isGodDecor,90,2,Mycat-Server,0.93,0.93,0.07
isGodDecor,90,2,nutch,0.815,0.65,0.02
isGodDecor,90,2,okhttp,0.93,0.88,0.02
isGodDecor,90,2,retrofit,0.915,0.83,0
isGodDecor,90,2,symphony,0.82,0.68,0.04
isGodDecor,90,2,zipkin,0.885,0.78,0.01
isGodDecor,90,2,async-http-client,0.96,0.94,0.02
isGodDecor,90,2,azkaban,0.97,0.95,0.01
isGodDecor,90,2,beam,0.925,0.88,0.03
isGodDecor,90,2,bigbluebutton,0.98,0.97,0.01
isGodDecor,90,2,btrace,0.915,0.85,0.02
isGodDecor,90,2,Bukkit,0.775,0.55,0
isGodDecor,90,20,cas,0.83,0.66,0
isGodDecor,90,20,GCViewer,0.935,0.91,0.04
isGodDecor,90,20,HikariCP,0.875,0.79,0.04
isGodDecor,90,20,incubator-dubbo,0.875,0.76,0.01
isGodDecor,90,20,material-theme-jetbrains,0.905,0.83,0.02
isGodDecor,90,20,mybatis-3,0.915,0.83,0
isGodDecor,90,20,mybatis-plus,0.85,0.74,0.04
isGodDecor,90,20,Mycat-Server,0.92,0.9,0.06
isGodDecor,90,20,nutch,0.775,0.57,0.02
isGodDecor,90,20,okhttp,0.925,0.87,0.02
isGodDecor,90,20,retrofit,0.665,0.33,0
isGodDecor,90,20,symphony,0.895,0.83,0.04
isGodDecor,90,20,zipkin,0.945,0.9,0.01
isGodDecor,90,20,async-http-client,0.885,0.79,0.02
isGodDecor,90,20,azkaban,0.96,0.93,0.01
isGodDecor,90,20,beam,0.925,0.88,0.03
isGodDecor,90,20,bigbluebutton,0.895,0.8,0.01
isGodDecor,90,20,btrace,0.885,0.79,0.02
isGodDecor,90,20,Bukkit,0.715,0.43,0
isGodDecor,90,5,cas,0.915,0.83,0
isGodDecor,90,5,GCViewer,0.85,0.73,0.03
isGodDecor,90,5,HikariCP,0.97,1,0.06
isGodDecor,90,5,incubator-dubbo,0.825,0.66,0.01
isGodDecor,90,5,material-theme-jetbrains,0.9,0.82,0.02
isGodDecor,90,5,mybatis-3,0.985,0.98,0.01
isGodDecor,90,5,mybatis-plus,0.91,0.86,0.04
isGodDecor,90,5,Mycat-Server,0.915,0.91,0.08
isGodDecor,90,5,nutch,0.865,0.75,0.02
isGodDecor,90,5,okhttp,0.935,0.9,0.03
isGodDecor,90,5,retrofit,0.915,0.83,0
isGodDecor,90,5,symphony,0.895,0.83,0.04
isGodDecor,90,5,zipkin,0.855,0.72,0.01
isGodDecor,90,5,async-http-client,0.975,0.96,0.01
isGodDecor,90,5,azkaban,0.96,0.93,0.01
isGodDecor,90,5,beam,0.925,0.89,0.04
isGodDecor,90,5,bigbluebutton,0.89,0.79,0.01
isGodDecor,90,5,btrace,0.95,0.92,0.02
isGodDecor,90,5,Bukkit,0.705,0.41,0
isGodDecor,releases,10,cas,0.885,0.77,0
isGodDecor,releases,10,GCViewer,0.84,0.71,0.03
isGodDecor,releases,10,HikariCP,0.965,0.98,0.05
isGodDecor,releases,10,incubator-dubbo,0.9,0.8,0
isGodDecor,releases,10,incubator-heron,0.805,0.61,0
isGodDecor,releases,10,material-theme-jetbrains,0.89,0.8,0.02
isGodDecor,releases,10,mybatis-3,0.91,0.82,0
isGodDecor,releases,10,mybatis-plus,0.9,0.84,0.04
isGodDecor,releases,10,Mycat-Server,0.93,0.95,0.09
isGodDecor,releases,10,nutch,0.805,0.63,0.02
isGodDecor,releases,10,okhttp,0.935,0.9,0.03
isGodDecor,releases,10,retrofit,0.915,0.83,0
isGodDecor,releases,10,symphony,0.775,0.58,0.03
isGodDecor,releases,10,zipkin,0.945,0.9,0.01
isGodDecor,releases,10,async-http-client,0.985,0.98,0.01
isGodDecor,releases,10,azkaban,0.96,0.93,0.01
isGodDecor,releases,10,beam,0.915,0.86,0.03
isGodDecor,releases,10,bigbluebutton,0.885,0.78,0.01
isGodDecor,releases,10,btrace,0.895,0.81,0.02
isGodDecor,releases,10,Bukkit,0.71,0.42,0
isGodDecor,releases,2,cas,0.9,0.8,0
isGodDecor,releases,2,GCViewer,0.84,0.73,0.05
isGodDecor,releases,2,HikariCP,0.9,0.85,0.05
isGodDecor,releases,2,incubator-dubbo,0.84,0.69,0.01
isGodDecor,releases,2,incubator-heron,0.905,0.81,0
isGodDecor,releases,2,material-theme-jetbrains,0.905,0.83,0.02
isGodDecor,releases,2,mybatis-3,0.885,0.77,0
isGodDecor,releases,2,mybatis-plus,0.9,0.84,0.04
isGodDecor,releases,2,Mycat-Server,0.94,0.95,0.07
isGodDecor,releases,2,nutch,0.84,0.7,0.02
isGodDecor,releases,2,okhttp,0.94,0.9,0.02
isGodDecor,releases,2,retrofit,0.91,0.83,0.01
isGodDecor,releases,2,symphony,0.775,0.58,0.03
isGodDecor,releases,2,zipkin,0.86,0.73,0.01
isGodDecor,releases,2,async-http-client,0.95,0.92,0.02
isGodDecor,releases,2,azkaban,0.945,0.9,0.01
isGodDecor,releases,2,beam,0.93,0.89,0.03
isGodDecor,releases,2,bigbluebutton,0.865,0.74,0.01
isGodDecor,releases,2,btrace,0.865,0.76,0.03
isGodDecor,releases,2,Bukkit,0.745,0.49,0
isGodDecor,releases,20,cas,0.915,0.83,0
isGodDecor,releases,20,GCViewer,0.845,0.73,0.04
isGodDecor,releases,20,HikariCP,0.89,0.82,0.04
isGodDecor,releases,20,incubator-dubbo,0.85,0.7,0
isGodDecor,releases,20,incubator-heron,0.89,0.78,0
isGodDecor,releases,20,material-theme-jetbrains,0.985,1,0.03
isGodDecor,releases,20,mybatis-3,0.975,0.95,0
isGodDecor,releases,20,mybatis-plus,0.865,0.77,0.04
isGodDecor,releases,20,Mycat-Server,0.87,0.8,0.06
isGodDecor,releases,20,nutch,0.835,0.69,0.02
isGodDecor,releases,20,okhttp,0.94,0.91,0.03
isGodDecor,releases,20,retrofit,0.915,0.83,0
isGodDecor,releases,20,symphony,0.84,0.73,0.05
isGodDecor,releases,20,zipkin,0.95,0.91,0.01
isGodDecor,releases,20,async-http-client,0.96,0.94,0.02
isGodDecor,releases,20,azkaban,0.955,0.92,0.01
isGodDecor,releases,20,beam,0.925,0.88,0.03
isGodDecor,releases,20,bigbluebutton,0.865,0.74,0.01
isGodDecor,releases,20,btrace,0.855,0.73,0.02
isGodDecor,releases,20,Bukkit,0.77,0.54,0
isGodDecor,releases,5,cas,0.85,0.7,0
isGodDecor,releases,5,GCViewer,0.935,0.91,0.04
isGodDecor,releases,5,HikariCP,0.965,0.99,0.06
isGodDecor,releases,5,incubator-dubbo,0.9,0.81,0.01
isGodDecor,releases,5,incubator-heron,0.885,0.77,0
isGodDecor,releases,5,material-theme-jetbrains,0.985,1,0.03
isGodDecor,releases,5,mybatis-3,0.885,0.78,0.01
isGodDecor,releases,5,mybatis-plus,0.835,0.71,0.04
isGodDecor,releases,5,Mycat-Server,0.945,0.95,0.06
isGodDecor,releases,5,nutch,0.79,0.59,0.01
isGodDecor,releases,5,okhttp,0.935,0.9,0.03
isGodDecor,releases,5,retrofit,0.915,0.83,0
isGodDecor,releases,5,symphony,0.87,0.79,0.05
isGodDecor,releases,5,zipkin,0.88,0.77,0.01
isGodDecor,releases,5,async-http-client,0.96,0.94,0.02
isGodDecor,releases,5,azkaban,0.96,0.93,0.01
isGodDecor,releases,5,beam,0.92,0.87,0.03
isGodDecor,releases,5,bigbluebutton,0.875,0.76,0.01
isGodDecor,releases,5,btrace,0.96,0.95,0.03
isGodDecor,releases,5,Bukkit,0.7,0.4,0
isSpaghCodeDecor,120,10,incubator-dubbo,0.915,0.83,0
isSpaghCodeDecor,120,10,mybatis-plus,0.99,1,0.02
isSpaghCodeDecor,120,10,zheng,0.66,0.32,0
isSpaghCodeDecor,120,10,async-http-client,0.91,0.83,0.01
isSpaghCodeDecor,120,10,azkaban,0.88,0.8,0.04
isSpaghCodeDecor,120,2,incubator-dubbo,0.665,0.33,0
isSpaghCodeDecor,120,2,mybatis-plus,0.85,0.74,0.04
isSpaghCodeDecor,120,2,symphony,0.865,0.76,0.03
isSpaghCodeDecor,120,2,async-http-client,0.91,0.83,0.01
isSpaghCodeDecor,120,2,azkaban,0.885,0.79,0.02
isSpaghCodeDecor,120,20,incubator-dubbo,0.915,0.83,0
isSpaghCodeDecor,120,20,mybatis-plus,0.89,0.8,0.02
isSpaghCodeDecor,120,20,symphony,0.865,0.78,0.05
isSpaghCodeDecor,120,20,zheng,0.66,0.33,0.01
isSpaghCodeDecor,120,20,async-http-client,0.61,0.22,0
isSpaghCodeDecor,120,20,azkaban,0.97,0.99,0.05
isSpaghCodeDecor,120,5,incubator-dubbo,0.915,0.83,0
isSpaghCodeDecor,120,5,mybatis-plus,0.825,0.66,0.01
isSpaghCodeDecor,120,5,symphony,0.6,0.21,0.01
isSpaghCodeDecor,120,5,zheng,0.585,0.17,0
isSpaghCodeDecor,120,5,async-http-client,0.895,0.8,0.01
isSpaghCodeDecor,120,5,azkaban,0.84,0.71,0.03
isSpaghCodeDecor,15,10,Mycat-Server,0.99,1,0.02
isSpaghCodeDecor,15,10,symphony,0.785,0.58,0.01
isSpaghCodeDecor,15,10,async-http-client,0.995,1,0.01
isSpaghCodeDecor,15,10,azkaban,0.97,0.99,0.05
isSpaghCodeDecor,15,10,beam,0.745,0.5,0.01
isSpaghCodeDecor,15,2,Mycat-Server,0.995,1,0.01
isSpaghCodeDecor,15,2,symphony,0.915,0.85,0.02
isSpaghCodeDecor,15,2,async-http-client,0.905,0.83,0.02
isSpaghCodeDecor,15,2,azkaban,0.98,1,0.04
isSpaghCodeDecor,15,2,beam,0.91,0.83,0.01
isSpaghCodeDecor,15,20,Mycat-Server,0.99,1,0.02
isSpaghCodeDecor,15,20,symphony,0.605,0.21,0
isSpaghCodeDecor,15,20,async-http-client,0.735,0.47,0
isSpaghCodeDecor,15,20,azkaban,0.975,0.98,0.03
isSpaghCodeDecor,15,20,beam,0.58,0.17,0.01
isSpaghCodeDecor,15,5,Mycat-Server,0.985,1,0.03
isSpaghCodeDecor,15,5,symphony,0.555,0.11,0
isSpaghCodeDecor,15,5,async-http-client,0.9,0.81,0.01
isSpaghCodeDecor,15,5,azkaban,0.98,1,0.04
isSpaghCodeDecor,15,5,beam,0.655,0.33,0.02
isSpaghCodeDecor,30,10,Mycat-Server,0.985,1,0.03
isSpaghCodeDecor,30,10,symphony,0.805,0.62,0.01
isSpaghCodeDecor,30,10,zheng,0.585,0.17,0
isSpaghCodeDecor,30,10,async-http-client,0.605,0.21,0
isSpaghCodeDecor,30,10,azkaban,0.97,0.98,0.04
isSpaghCodeDecor,30,10,beam,0.915,0.83,0
isSpaghCodeDecor,30,2,Mycat-Server,0.9,0.83,0.03
isSpaghCodeDecor,30,2,symphony,0.9,0.82,0.02
isSpaghCodeDecor,30,2,zheng,0.915,0.83,0
isSpaghCodeDecor,30,2,async-http-client,0.995,1,0.01
isSpaghCodeDecor,30,2,azkaban,0.965,0.98,0.05
isSpaghCodeDecor,30,2,beam,0.58,0.17,0.01
isSpaghCodeDecor,30,20,Mycat-Server,0.905,0.83,0.02
isSpaghCodeDecor,30,20,symphony,0.88,0.78,0.02
isSpaghCodeDecor,30,20,async-http-client,0.665,0.33,0
isSpaghCodeDecor,30,20,azkaban,0.97,0.99,0.05
isSpaghCodeDecor,30,20,beam,0.915,0.83,0
isSpaghCodeDecor,30,5,Mycat-Server,0.825,0.67,0.02
isSpaghCodeDecor,30,5,symphony,0.905,0.83,0.02
isSpaghCodeDecor,30,5,async-http-client,0.915,0.83,0
isSpaghCodeDecor,30,5,azkaban,0.875,0.78,0.03
isSpaghCodeDecor,30,5,beam,0.825,0.67,0.02
isSpaghCodeDecor,60,10,incubator-dubbo,0.835,0.67,0
isSpaghCodeDecor,60,10,mybatis-plus,0.9,0.81,0.01
isSpaghCodeDecor,60,10,Mycat-Server,0.99,1,0.02
isSpaghCodeDecor,60,10,symphony,0.895,0.82,0.03
isSpaghCodeDecor,60,10,zheng,0.75,0.5,0
isSpaghCodeDecor,60,10,async-http-client,0.9,0.81,0.01
isSpaghCodeDecor,60,10,azkaban,0.98,1,0.04
isSpaghCodeDecor,60,10,beam,0.99,1,0.02
isSpaghCodeDecor,60,2,incubator-dubbo,0.835,0.67,0
isSpaghCodeDecor,60,2,mybatis-plus,0.87,0.75,0.01
isSpaghCodeDecor,60,2,Mycat-Server,0.9,0.83,0.03
isSpaghCodeDecor,60,2,symphony,0.715,0.46,0.03
isSpaghCodeDecor,60,2,zheng,0.585,0.17,0
isSpaghCodeDecor,60,2,async-http-client,0.995,1,0.01
isSpaghCodeDecor,60,2,azkaban,0.975,1,0.05
isSpaghCodeDecor,60,2,beam,0.745,0.5,0.01
isSpaghCodeDecor,60,20,incubator-dubbo,0.915,0.83,0
isSpaghCodeDecor,60,20,mybatis-plus,0.68,0.37,0.01
isSpaghCodeDecor,60,20,Mycat-Server,0.905,0.83,0.02
isSpaghCodeDecor,60,20,symphony,0.715,0.44,0.01
isSpaghCodeDecor,60,20,zheng,0.66,0.33,0.01
isSpaghCodeDecor,60,20,async-http-client,0.66,0.32,0
isSpaghCodeDecor,60,20,azkaban,0.97,0.99,0.05
isSpaghCodeDecor,60,20,beam,0.91,0.83,0.01
isSpaghCodeDecor,60,5,incubator-dubbo,0.835,0.67,0
isSpaghCodeDecor,60,5,mybatis-plus,0.8,0.61,0.01
isSpaghCodeDecor,60,5,Mycat-Server,0.91,0.83,0.01
isSpaghCodeDecor,60,5,symphony,0.63,0.27,0.01
isSpaghCodeDecor,60,5,zheng,0.62,0.24,0
isSpaghCodeDecor,60,5,async-http-client,0.895,0.79,0
isSpaghCodeDecor,60,5,azkaban,0.88,0.8,0.04
isSpaghCodeDecor,60,5,beam,0.915,0.83,0
isSpaghCodeDecor,90,10,incubator-dubbo,1,1,0
isSpaghCodeDecor,90,10,mybatis-plus,0.76,0.53,0.01
isSpaghCodeDecor,90,10,symphony,0.605,0.23,0.02
isSpaghCodeDecor,90,10,async-http-client,0.585,0.17,0
isSpaghCodeDecor,90,10,azkaban,0.86,0.75,0.03
isSpaghCodeDecor,90,10,beam,0.825,0.67,0.02
isSpaghCodeDecor,90,2,incubator-dubbo,1,1,0
isSpaghCodeDecor,90,2,mybatis-plus,0.585,0.17,0
isSpaghCodeDecor,90,2,symphony,0.645,0.3,0.01
isSpaghCodeDecor,90,2,zheng,0.585,0.17,0
isSpaghCodeDecor,90,2,async-http-client,0.91,0.83,0.01
isSpaghCodeDecor,90,2,azkaban,0.965,0.97,0.04
isSpaghCodeDecor,90,2,beam,0.91,0.83,0.01
isSpaghCodeDecor,90,20,incubator-dubbo,0.9,0.81,0.01
isSpaghCodeDecor,90,20,mybatis-plus,0.7,0.41,0.01
isSpaghCodeDecor,90,20,symphony,0.865,0.76,0.03
isSpaghCodeDecor,90,20,zheng,0.735,0.48,0.01
isSpaghCodeDecor,90,20,async-http-client,0.65,0.3,0
isSpaghCodeDecor,90,20,azkaban,0.86,0.76,0.04
isSpaghCodeDecor,90,20,beam,0.895,0.83,0.04
isSpaghCodeDecor,90,5,incubator-dubbo,0.835,0.67,0
isSpaghCodeDecor,90,5,mybatis-plus,0.805,0.62,0.01
isSpaghCodeDecor,90,5,symphony,0.855,0.76,0.05
isSpaghCodeDecor,90,5,zheng,0.74,0.5,0.02
isSpaghCodeDecor,90,5,async-http-client,0.785,0.57,0
isSpaghCodeDecor,90,5,azkaban,0.97,0.99,0.05
isSpaghCodeDecor,90,5,beam,0.905,0.83,0.02
isSpaghCodeDecor,releases,10,incubator-dubbo,1,1,0
isSpaghCodeDecor,releases,10,mybatis-plus,0.775,0.56,0.01
isSpaghCodeDecor,releases,10,Mycat-Server,0.905,0.83,0.02
isSpaghCodeDecor,releases,10,symphony,0.87,0.77,0.03
isSpaghCodeDecor,releases,10,async-http-client,0.61,0.22,0
isSpaghCodeDecor,releases,10,azkaban,0.885,0.8,0.03
isSpaghCodeDecor,releases,10,beam,0.745,0.5,0.01
isSpaghCodeDecor,releases,2,incubator-dubbo,0.83,0.66,0
isSpaghCodeDecor,releases,2,mybatis-plus,0.695,0.4,0.01
isSpaghCodeDecor,releases,2,Mycat-Server,0.9,0.82,0.02
isSpaghCodeDecor,releases,2,symphony,0.64,0.29,0.01
isSpaghCodeDecor,releases,2,zheng,0.585,0.17,0
isSpaghCodeDecor,releases,2,async-http-client,0.805,0.62,0.01
isSpaghCodeDecor,releases,2,azkaban,0.885,0.81,0.04
isSpaghCodeDecor,releases,2,beam,0.75,0.5,0
isSpaghCodeDecor,releases,20,incubator-dubbo,0.915,0.83,0
isSpaghCodeDecor,releases,20,mybatis-plus,0.8,0.61,0.01
isSpaghCodeDecor,releases,20,Mycat-Server,0.905,0.83,0.02
isSpaghCodeDecor,releases,20,symphony,0.755,0.53,0.02
isSpaghCodeDecor,releases,20,async-http-client,0.865,0.74,0.01
isSpaghCodeDecor,releases,20,azkaban,0.84,0.7,0.02
isSpaghCodeDecor,releases,20,beam,0.835,0.67,0
isSpaghCodeDecor,releases,5,incubator-dubbo,1,1,0
isSpaghCodeDecor,releases,5,mybatis-plus,0.585,0.17,0
isSpaghCodeDecor,releases,5,Mycat-Server,0.905,0.83,0.02
isSpaghCodeDecor,releases,5,symphony,0.715,0.44,0.01
isSpaghCodeDecor,releases,5,async-http-client,0.9,0.81,0.01
isSpaghCodeDecor,releases,5,azkaban,0.905,0.83,0.02
isSpaghCodeDecor,releases,5,beam,0.75,0.5,0
