smell,prediction,slope,AUC
isCouplingBtwObjects,120,10,0.8
isCouplingBtwObjects,120,2,0.74
isCouplingBtwObjects,120,20,0.8
isCouplingBtwObjects,120,5,0.78
isCouplingBtwObjects,15,10,0.81
isCouplingBtwObjects,15,2,0.79
isCouplingBtwObjects,15,20,0.76
isCouplingBtwObjects,15,5,0.81
isCouplingBtwObjects,30,10,0.86
isCouplingBtwObjects,30,2,0.83
isCouplingBtwObjects,30,20,0.84
isCouplingBtwObjects,30,5,0.78
isCouplingBtwObjects,60,10,0.82
isCouplingBtwObjects,60,2,0.83
isCouplingBtwObjects,60,20,0.77
isCouplingBtwObjects,60,5,0.81
isCouplingBtwObjects,90,10,0.83
isCouplingBtwObjects,90,2,0.77
isCouplingBtwObjects,90,20,0.79
isCouplingBtwObjects,90,5,0.78
isCouplingBtwObjects,releases,10,0.77
isCouplingBtwObjects,releases,2,0.76
isCouplingBtwObjects,releases,20,0.75
isCouplingBtwObjects,releases,5,0.76
isCyclomaticComplexity,120,10,0.58
isCyclomaticComplexity,120,2,0.58
isCyclomaticComplexity,120,20,0.59
isCyclomaticComplexity,120,5,0.59
isCyclomaticComplexity,15,10,0.66
isCyclomaticComplexity,15,2,0.65
isCyclomaticComplexity,15,20,0.63
isCyclomaticComplexity,15,5,0.65
isCyclomaticComplexity,30,10,0.62
isCyclomaticComplexity,30,2,0.62
isCyclomaticComplexity,30,20,0.62
isCyclomaticComplexity,30,5,0.62
isCyclomaticComplexity,60,10,0.59
isCyclomaticComplexity,60,2,0.61
isCyclomaticComplexity,60,20,0.59
isCyclomaticComplexity,60,5,0.59
isCyclomaticComplexity,90,10,0.59
isCyclomaticComplexity,90,2,0.58
isCyclomaticComplexity,90,20,0.58
isCyclomaticComplexity,90,5,0.58
isCyclomaticComplexity,releases,10,0.59
isCyclomaticComplexity,releases,2,0.59
isCyclomaticComplexity,releases,20,0.58
isCyclomaticComplexity,releases,5,0.59
isExcessiveClassLength,120,10,0.84
isExcessiveClassLength,120,2,0.82
isExcessiveClassLength,120,20,0.85
isExcessiveClassLength,120,5,0.85
isExcessiveClassLength,15,10,0.94
isExcessiveClassLength,15,2,0.87
isExcessiveClassLength,15,20,0.92
isExcessiveClassLength,15,5,0.88
isExcessiveClassLength,30,10,0.91
isExcessiveClassLength,30,2,0.91
isExcessiveClassLength,30,20,0.92
isExcessiveClassLength,30,5,0.92
isExcessiveClassLength,60,10,0.88
isExcessiveClassLength,60,2,0.86
isExcessiveClassLength,60,20,0.87
isExcessiveClassLength,60,5,0.91
isExcessiveClassLength,90,10,0.86
isExcessiveClassLength,90,2,0.86
isExcessiveClassLength,90,20,0.88
isExcessiveClassLength,90,5,0.85
isExcessiveClassLength,releases,10,0.84
isExcessiveClassLength,releases,2,0.89
isExcessiveClassLength,releases,20,0.84
isExcessiveClassLength,releases,5,0.88
isGodDecor,120,10,0.89
isGodDecor,120,2,0.88
isGodDecor,120,20,0.89
isGodDecor,120,5,0.88
isGodDecor,15,10,0.93
isGodDecor,15,2,0.94
isGodDecor,15,20,0.93
isGodDecor,15,5,0.93
isGodDecor,30,10,0.91
isGodDecor,30,2,0.93
isGodDecor,30,20,0.91
isGodDecor,30,5,0.91
isGodDecor,60,10,0.92
isGodDecor,60,2,0.92
isGodDecor,60,20,0.91
isGodDecor,60,5,0.89
isGodDecor,90,10,0.89
isGodDecor,90,2,0.9
isGodDecor,90,20,0.87
isGodDecor,90,5,0.9
isGodDecor,releases,10,0.89
isGodDecor,releases,2,0.88
isGodDecor,releases,20,0.89
isGodDecor,releases,5,0.9
isSpaghCodeDecor,120,10,0.87
isSpaghCodeDecor,120,2,0.84
isSpaghCodeDecor,120,20,0.82
isSpaghCodeDecor,120,5,0.78
isSpaghCodeDecor,15,10,0.9
isSpaghCodeDecor,15,2,0.94
isSpaghCodeDecor,15,20,0.78
isSpaghCodeDecor,15,5,0.82
isSpaghCodeDecor,30,10,0.81
isSpaghCodeDecor,30,2,0.88
isSpaghCodeDecor,30,20,0.87
isSpaghCodeDecor,30,5,0.87
isSpaghCodeDecor,60,10,0.9
isSpaghCodeDecor,60,2,0.83
isSpaghCodeDecor,60,20,0.8
isSpaghCodeDecor,60,5,0.81
isSpaghCodeDecor,90,10,0.77
isSpaghCodeDecor,90,2,0.8
isSpaghCodeDecor,90,20,0.8
isSpaghCodeDecor,90,5,0.84
isSpaghCodeDecor,releases,10,0.83
isSpaghCodeDecor,releases,2,0.76
isSpaghCodeDecor,releases,20,0.84
isSpaghCodeDecor,releases,5,0.82
