repo,repoSmellyCount,repoCleanCount,smellyPredicted,TP,TN,precision,recall
material-theme-jetbrains,415,40194,20304,204,20100,1,49.2
mybatis-plus,112,7741,3926,55,3871,1.4,49.1
Mycat-Server,57,4685,2371,29,2342,1.2,50.9
nutch,78,11864,5971,43,5928,0.7,55.1
storm,1,113,57,,57,,
symphony,1015,44273,22644,511,22133,2.3,50.3
zheng,192,10032,5112,87,5025,1.7,45.3
async-http-client,169,25065,12617,74,12543,0.6,43.8
azkaban,221,31854,16038,109,15929,0.7,49.3
beam,2886,850429,426658,1476,425182,0.3,51.1
Bukkit,617,212136,106376,314,106062,0.3,50.9
