repo,repoSmellyCount,repoCleanCount,smellyPredicted,TP,TN,precision,recall
material-theme-jetbrains,445,41476,20960,207,20753,1,46.5
mybatis-plus,125,8502,4314,69,4245,1.6,55.2
Mycat-Server,61,4958,2510,30,2480,1.2,49.2
okhttp,87,7506,3796,45,3751,1.2,51.7
symphony,1476,78525,40000,721,39279,1.8,48.8
zheng,192,10032,5112,91,5021,1.8,47.4
async-http-client,168,25033,12600,92,12508,0.7,54.8
azkaban,223,32267,16245,119,16126,0.7,53.4
beam,2998,862416,432707,1499,431208,0.3,50
Bukkit,627,209601,105114,313,104801,0.3,49.9
