repo,repoSmellyCount,repoCleanCount,smellyPredicted,TP,TN,precision,recall
material-theme-jetbrains,446,41600,21023,219,20804,1,49.1
mybatis-plus,125,8502,4314,63,4251,1.5,50.4
Mycat-Server,61,4958,2510,29,2481,1.2,47.5
okhttp,87,7506,3796,40,3756,1.1,46
symphony,1419,71833,36626,762,35864,2.1,53.7
zheng,192,10032,5112,90,5022,1.8,46.9
async-http-client,167,24894,12530,88,12442,0.7,52.7
azkaban,166,17508,8837,78,8759,0.9,47
beam,2944,834360,418652,1483,417169,0.4,50.4
Bukkit,638,215708,108173,332,107841,0.3,52
