repo,repoSmellyCount,repoCleanCount,smellyPredicted,TP,TN,precision,recall
cas,3696,1599528,801612,1840,799772,0.2,49.8
incubator-dubbo,183,62579,31381,87,31294,0.3,47.5
ksql,527,57040,28784,266,28518,0.9,50.5
material-theme-jetbrains,631,39966,20298,320,19978,1.6,50.7
mybatis-3,1567,141174,71370,803,70567,1.1,51.2
mybatis-plus,763,61979,31371,366,31005,1.2,48
okhttp,167,10711,5439,91,5348,1.7,54.5
incubator-skywalking,64,8004,4034,23,4011,0.6,35.9
beam,14049,1774732,894390,6994,887396,0.8,49.8
Bukkit,12,2180,1096,5,1091,0.5,41.7
