repo,repoSmellyCount,repoCleanCount,smellyPredicted,TP,TN,precision,recall
material-theme-jetbrains,261,27512,13886,122,13764,0.9,46.7
mybatis-plus,125,8502,4314,58,4256,1.3,46.4
Mycat-Server,71,6234,3152,32,3120,1,45.1
okhttp,87,7506,3796,45,3751,1.2,51.7
symphony,1476,78525,40000,739,39261,1.8,50.1
zheng,192,10032,5112,89,5023,1.7,46.4
async-http-client,168,25033,12600,85,12515,0.7,50.6
azkaban,253,32580,16416,121,16295,0.7,47.8
beam,2918,846197,424558,1447,423111,0.3,49.6
Bukkit,620,205231,102926,303,102623,0.3,48.9
